filepath,age,age_group,gender
face_age/051/2410.png,51,mature,Woman
face_age/019/6855.png,19,teen,Woman
face_age/057/6497.png,57,mature,Woman
face_age/038/8673.png,38,mid,Woman
face_age/008/2728.png,8,child,Woman
face_age/008/9572.png,8,child,Woman
face_age/025/2822.png,25,youth,Woman
face_age/004/3939.png,4,child,Woman
face_age/072/6720.png,72,older,Woman
face_age/004/5527.png,4,child,Woman
face_age/083/3884.png,83,older,Woman
face_age/068/2254.png,68,older,Woman
face_age/068/5559.png,68,older,Woman
face_age/014/1993.png,14,teen,Woman
face_age/004/8127.png,4,child,Woman
face_age/037/5417.png,37,mid,Woman
face_age/037/6325.png,37,mid,Woman
face_age/006/5605.png,6,child,Woman
face_age/039/332.png,39,mid,Woman
face_age/008/6179.png,8,child,Woman
face_age/023/4594.png,23,youth,Woman
face_age/032/4187.png,32,mid,Woman
face_age/041/3790.png,41,mid,Woman
face_age/065/3876.png,65,older,Woman
face_age/028/2135.png,28,youth,Woman
face_age/025/6427.png,25,youth,Woman
face_age/031/6831.png,31,mid,Woman
face_age/013/9614.png,13,teen,Woman
face_age/004/5681.png,4,child,Woman
face_age/034/8180.png,34,mid,Woman
face_age/025/2126.png,25,youth,Woman
face_age/021/1547.png,21,youth,Woman
face_age/008/9649.png,8,child,Woman
face_age/054/5433.png,54,mature,Woman
face_age/006/5007.png,6,child,Woman
face_age/018/8842.png,18,teen,Woman
face_age/066/4043.png,66,older,Woman
face_age/071/8074.png,71,older,Woman
face_age/041/485.png,41,mid,Woman
face_age/004/3427.png,4,child,Woman
face_age/012/960.png,12,child,Woman
face_age/022/3668.png,22,youth,Woman
face_age/024/9658.png,24,youth,Woman
face_age/006/7353.png,6,child,Woman
face_age/025/5725.png,25,youth,Woman
face_age/048/5955.png,48,mature,Woman
face_age/004/7718.png,4,child,Woman
face_age/038/3674.png,38,mid,Woman
face_age/008/2769.png,8,child,Woman
face_age/087/284.png,87,older,Woman
face_age/015/328.png,15,teen,Woman
face_age/028/5990.png,28,youth,Woman
face_age/053/1855.png,53,mature,Woman
face_age/014/860.png,14,teen,Woman
face_age/025/7.png,25,youth,Woman
face_age/017/3711.png,17,teen,Woman
face_age/031/6731.png,31,mid,Woman
face_age/018/806.png,18,teen,Woman
face_age/005/349.png,5,child,Woman
face_age/025/3238.png,25,youth,Woman
face_age/032/9717.png,32,mid,Woman
face_age/068/7264.png,68,older,Woman
face_age/050/2381.png,50,mature,Woman
face_age/004/4772.png,4,child,Woman
face_age/018/3127.png,18,teen,Woman
face_age/072/3722.png,72,older,Woman
face_age/029/4924.png,29,youth,Woman
face_age/015/8945.png,15,teen,Woman
face_age/015/1729.png,15,teen,Woman
face_age/035/800.png,35,mid,Woman
face_age/053/9539.png,53,mature,Woman
face_age/037/1775.png,37,mid,Woman
face_age/008/8443.png,8,child,Woman
face_age/026/1539.png,26,youth,Woman
face_age/040/7640.png,40,mid,Woman
face_age/029/8571.png,29,youth,Woman
face_age/026/5069.png,26,youth,Woman
face_age/027/6239.png,27,youth,Woman
face_age/037/5226.png,37,mid,Woman
face_age/085/2892.png,85,older,Woman
face_age/020/5057.png,20,youth,Woman
face_age/024/3379.png,24,youth,Woman
face_age/025/6067.png,25,youth,Woman
face_age/027/304.png,27,youth,Woman
face_age/031/459.png,31,mid,Woman
face_age/008/4091.png,8,child,Woman
face_age/056/6946.png,56,mature,Woman
face_age/068/7490.png,68,older,Woman
face_age/024/9449.png,24,youth,Woman
face_age/012/7732.png,12,child,Woman
face_age/023/1.png,23,youth,Woman
face_age/056/6819.png,56,mature,Woman
face_age/027/1613.png,27,youth,Woman
face_age/035/3233.png,35,mid,Woman
face_age/020/3285.png,20,youth,Woman
face_age/023/632.png,23,youth,Woman
face_age/004/21.png,4,child,Woman
face_age/015/185.png,15,teen,Woman
face_age/023/8403.png,23,youth,Woman
face_age/026/3687.png,26,youth,Woman
face_age/028/6445.png,28,youth,Woman
face_age/016/5878.png,16,teen,Woman
face_age/025/9201.png,25,youth,Woman
face_age/041/2530.png,41,mid,Woman
face_age/035/9302.png,35,mid,Woman
face_age/008/1310.png,8,child,Woman
face_age/008/1805.png,8,child,Woman
face_age/007/5915.png,7,child,Woman
face_age/020/6931.png,20,youth,Woman
face_age/056/2258.png,56,mature,Woman
face_age/027/3086.png,27,youth,Woman
face_age/027/2578.png,27,youth,Woman
face_age/052/3082.png,52,mature,Woman
face_age/061/4691.png,61,older,Woman
face_age/005/1052.png,5,child,Woman
face_age/026/6969.png,26,youth,Woman
face_age/029/4103.png,29,youth,Woman
face_age/034/2982.png,34,mid,Woman
face_age/021/9580.png,21,youth,Woman
face_age/065/808.png,65,older,Woman
face_age/004/3114.png,4,child,Woman
face_age/023/6722.png,23,youth,Woman
face_age/004/4950.png,4,child,Woman
face_age/066/5879.png,66,older,Woman
face_age/046/7042.png,46,mature,Woman
face_age/023/7096.png,23,youth,Woman
face_age/010/7563.png,10,child,Woman
face_age/010/755.png,10,child,Woman
face_age/024/3447.png,24,youth,Woman
face_age/019/1824.png,19,teen,Woman
face_age/031/6538.png,31,mid,Woman
face_age/005/976.png,5,child,Woman
face_age/019/8407.png,19,teen,Woman
face_age/028/3716.png,28,youth,Woman
face_age/004/4601.png,4,child,Woman
face_age/042/7528.png,42,mid,Woman
face_age/016/4990.png,16,teen,Woman
face_age/054/6413.png,54,mature,Woman
face_age/041/6598.png,41,mid,Woman
face_age/058/8396.png,58,mature,Woman
face_age/021/2651.png,21,youth,Woman
face_age/041/2824.png,41,mid,Woman
face_age/021/1525.png,21,youth,Woman
face_age/024/7060.png,24,youth,Woman
face_age/026/6146.png,26,youth,Woman
face_age/008/4.png,8,child,Woman
face_age/090/3195.png,90,older,Woman
face_age/004/672.png,4,child,Woman
face_age/028/9584.png,28,youth,Woman
face_age/014/1446.png,14,teen,Woman
face_age/033/8514.png,33,mid,Woman
face_age/021/7309.png,21,youth,Woman
face_age/028/7340.png,28,youth,Woman
face_age/030/1966.png,30,youth,Woman
face_age/034/3041.png,34,mid,Woman
face_age/018/5363.png,18,teen,Woman
face_age/022/2914.png,22,youth,Woman
face_age/009/3563.png,9,child,Woman
face_age/007/5710.png,7,child,Woman
face_age/064/2929.png,64,older,Woman
face_age/015/8092.png,15,teen,Woman
face_age/072/5165.png,72,older,Woman
face_age/031/1416.png,31,mid,Woman
face_age/008/9623.png,8,child,Woman
face_age/036/7155.png,36,mid,Woman
face_age/070/4788.png,70,older,Woman
face_age/052/7184.png,52,mature,Woman
face_age/030/52.png,30,youth,Woman
face_age/015/9716.png,15,teen,Woman
face_age/028/7631.png,28,youth,Woman
face_age/025/9562.png,25,youth,Woman
face_age/030/4616.png,30,youth,Woman
face_age/056/6674.png,56,mature,Woman
face_age/021/3130.png,21,youth,Woman
face_age/056/8713.png,56,mature,Woman
face_age/007/4284.png,7,child,Woman
face_age/072/3904.png,72,older,Woman
face_age/031/7278.png,31,mid,Woman
face_age/039/684.png,39,mid,Woman
face_age/005/9052.png,5,child,Woman
face_age/008/5875.png,8,child,Woman
face_age/014/763.png,14,teen,Woman
face_age/027/7538.png,27,youth,Woman
face_age/051/945.png,51,mature,Woman
face_age/048/43.png,48,mature,Woman
face_age/035/3990.png,35,mid,Woman
face_age/056/1138.png,56,mature,Woman
face_age/050/75.png,50,mature,Woman
face_age/012/3373.png,12,child,Woman
face_age/027/5609.png,27,youth,Woman
face_age/008/6406.png,8,child,Woman
face_age/069/1807.png,69,older,Woman
face_age/033/8428.png,33,mid,Woman
face_age/023/4521.png,23,youth,Woman
face_age/030/5180.png,30,youth,Woman
face_age/018/108.png,18,teen,Woman
face_age/024/9130.png,24,youth,Woman
face_age/009/5714.png,9,child,Woman
face_age/032/8741.png,32,mid,Woman
face_age/068/5380.png,68,older,Woman
face_age/004/3549.png,4,child,Woman
face_age/033/6447.png,33,mid,Woman
face_age/023/5285.png,23,youth,Woman
face_age/020/4516.png,20,youth,Woman
face_age/057/3241.png,57,mature,Woman
face_age/016/4635.png,16,teen,Woman
face_age/026/8044.png,26,youth,Woman
face_age/008/4078.png,8,child,Woman
face_age/060/4357.png,60,mature,Woman
face_age/064/3315.png,64,older,Woman
face_age/024/4088.png,24,youth,Woman
face_age/005/7948.png,5,child,Woman
face_age/025/618.png,25,youth,Woman
face_age/031/414.png,31,mid,Woman
face_age/014/5429.png,14,teen,Woman
face_age/030/7849.png,30,youth,Woman
face_age/026/6563.png,26,youth,Woman
face_age/016/6892.png,16,teen,Woman
face_age/022/4622.png,22,youth,Woman
face_age/046/4985.png,46,mature,Woman
face_age/032/680.png,32,mid,Woman
face_age/055/3414.png,55,mature,Woman
face_age/047/7388.png,47,mature,Woman
face_age/043/1338.png,43,mid,Woman
face_age/030/4885.png,30,youth,Woman
face_age/008/2584.png,8,child,Woman
face_age/025/9666.png,25,youth,Woman
face_age/008/8607.png,8,child,Woman
face_age/039/4792.png,39,mid,Woman
face_age/026/3955.png,26,youth,Woman
face_age/039/5757.png,39,mid,Woman
face_age/065/7644.png,65,older,Woman
face_age/015/5634.png,15,teen,Woman
face_age/071/6338.png,71,older,Woman
face_age/013/4068.png,13,teen,Woman
face_age/025/3101.png,25,youth,Woman
face_age/027/3997.png,27,youth,Woman
face_age/083/1929.png,83,older,Woman
face_age/026/2815.png,26,youth,Woman
face_age/026/7277.png,26,youth,Woman
face_age/013/7027.png,13,teen,Woman
face_age/035/7318.png,35,mid,Woman
face_age/032/4893.png,32,mid,Woman
face_age/021/6926.png,21,youth,Woman
face_age/004/9095.png,4,child,Woman
face_age/045/9609.png,45,mid,Woman
face_age/020/9617.png,20,youth,Woman
face_age/062/7352.png,62,older,Woman
face_age/028/8893.png,28,youth,Woman
face_age/026/4855.png,26,youth,Woman
face_age/008/6631.png,8,child,Woman
face_age/004/3883.png,4,child,Woman
face_age/029/621.png,29,youth,Woman
face_age/021/665.png,21,youth,Woman
face_age/015/8898.png,15,teen,Woman
face_age/004/2270.png,4,child,Woman
face_age/005/6658.png,5,child,Woman
face_age/005/8536.png,5,child,Woman
face_age/068/2607.png,68,older,Woman
face_age/065/5472.png,65,older,Woman
face_age/013/8764.png,13,teen,Woman
face_age/062/8319.png,62,older,Woman
face_age/042/563.png,42,mid,Woman
face_age/024/6508.png,24,youth,Woman
face_age/006/6677.png,6,child,Woman
face_age/024/786.png,24,youth,Woman
face_age/049/6388.png,49,mature,Woman
face_age/018/8894.png,18,teen,Woman
face_age/005/4170.png,5,child,Woman
face_age/023/4478.png,23,youth,Woman
face_age/068/7648.png,68,older,Woman
face_age/004/9126.png,4,child,Woman
face_age/027/6799.png,27,youth,Woman
face_age/018/9096.png,18,teen,Woman
face_age/062/2659.png,62,older,Woman
face_age/029/9211.png,29,youth,Woman
face_age/065/3609.png,65,older,Woman
face_age/052/578.png,52,mature,Woman
face_age/042/7332.png,42,mid,Woman
face_age/007/5767.png,7,child,Woman
face_age/042/1811.png,42,mid,Woman
face_age/016/5654.png,16,teen,Woman
face_age/049/7664.png,49,mature,Woman
face_age/064/3766.png,64,older,Woman
face_age/018/6498.png,18,teen,Woman
face_age/021/7961.png,21,youth,Woman
face_age/020/5142.png,20,youth,Woman
face_age/007/6366.png,7,child,Woman
face_age/015/1039.png,15,teen,Woman
face_age/065/2534.png,65,older,Woman
face_age/059/6703.png,59,mature,Woman
face_age/058/7053.png,58,mature,Woman
face_age/019/5126.png,19,teen,Woman
face_age/034/7064.png,34,mid,Woman
face_age/009/3590.png,9,child,Woman
face_age/034/2151.png,34,mid,Woman
face_age/004/2667.png,4,child,Woman
face_age/026/4419.png,26,youth,Woman
face_age/024/5476.png,24,youth,Woman
face_age/030/4268.png,30,youth,Woman
face_age/004/6200.png,4,child,Woman
face_age/048/8524.png,48,mature,Woman
face_age/008/8263.png,8,child,Woman
face_age/026/386.png,26,youth,Woman
face_age/060/3958.png,60,mature,Woman
face_age/069/5501.png,69,older,Woman
face_age/060/3139.png,60,mature,Woman
face_age/030/3936.png,30,youth,Woman
face_age/077/3817.png,77,older,Woman
face_age/080/9640.png,80,older,Woman
face_age/029/8131.png,29,youth,Woman
face_age/014/1479.png,14,teen,Woman
face_age/022/6391.png,22,youth,Woman
face_age/026/395.png,26,youth,Woman
face_age/053/7462.png,53,mature,Woman
face_age/024/123.png,24,youth,Woman
face_age/072/3775.png,72,older,Woman
face_age/072/1860.png,72,older,Woman
face_age/070/1024.png,70,older,Woman
face_age/066/4440.png,66,older,Woman
face_age/030/918.png,30,youth,Woman
face_age/018/1768.png,18,teen,Woman
face_age/060/7220.png,60,mature,Woman
face_age/016/1067.png,16,teen,Woman
face_age/008/5310.png,8,child,Woman
face_age/008/2771.png,8,child,Woman
face_age/036/3055.png,36,mid,Woman
face_age/086/1830.png,86,older,Woman
face_age/050/9336.png,50,mature,Woman
face_age/080/4323.png,80,older,Woman
face_age/020/6288.png,20,youth,Woman
face_age/004/7965.png,4,child,Woman
face_age/076/4184.png,76,older,Woman
face_age/004/970.png,4,child,Woman
face_age/008/7898.png,8,child,Woman
face_age/014/5330.png,14,teen,Woman
face_age/029/8782.png,29,youth,Woman
face_age/010/8915.png,10,child,Woman
face_age/009/7559.png,9,child,Woman
face_age/026/1235.png,26,youth,Woman
face_age/024/518.png,24,youth,Woman
face_age/028/9652.png,28,youth,Woman
face_age/009/6957.png,9,child,Woman
face_age/010/1491.png,10,child,Woman
face_age/004/3109.png,4,child,Woman
face_age/018/8830.png,18,teen,Woman
face_age/024/5852.png,24,youth,Woman
face_age/049/2127.png,49,mature,Woman
face_age/020/4541.png,20,youth,Woman
face_age/037/8968.png,37,mid,Woman
face_age/062/8371.png,62,older,Woman
face_age/005/2089.png,5,child,Woman
face_age/026/1449.png,26,youth,Woman
face_age/023/5391.png,23,youth,Woman
face_age/085/9771.png,85,older,Woman
face_age/014/1562.png,14,teen,Woman
face_age/045/3645.png,45,mid,Woman
face_age/008/4113.png,8,child,Woman
face_age/018/4886.png,18,teen,Woman
face_age/051/2671.png,51,mature,Woman
face_age/028/9459.png,28,youth,Woman
face_age/042/9381.png,42,mid,Woman
face_age/052/4283.png,52,mature,Woman
face_age/011/8111.png,11,child,Woman
face_age/055/5177.png,55,mature,Woman
face_age/008/261.png,8,child,Woman
face_age/053/5405.png,53,mature,Woman
face_age/029/340.png,29,youth,Woman
face_age/004/6130.png,4,child,Woman
face_age/021/6814.png,21,youth,Woman
face_age/023/1590.png,23,youth,Woman
face_age/026/1820.png,26,youth,Woman
face_age/005/8557.png,5,child,Woman
face_age/031/939.png,31,mid,Woman
face_age/014/9274.png,14,teen,Woman
face_age/007/2698.png,7,child,Woman
face_age/018/9360.png,18,teen,Woman
face_age/004/6737.png,4,child,Woman
face_age/052/9178.png,52,mature,Woman
face_age/032/6649.png,32,mid,Woman
face_age/018/82.png,18,teen,Woman
face_age/008/7705.png,8,child,Woman
face_age/017/2673.png,17,teen,Woman
face_age/021/6521.png,21,youth,Woman
face_age/018/9100.png,18,teen,Woman
face_age/060/4194.png,60,mature,Woman
face_age/032/9172.png,32,mid,Woman
face_age/052/4918.png,52,mature,Woman
face_age/035/1510.png,35,mid,Woman
face_age/026/8664.png,26,youth,Woman
face_age/026/6277.png,26,youth,Woman
face_age/022/2240.png,22,youth,Woman
face_age/027/9428.png,27,youth,Woman
face_age/054/3928.png,54,mature,Woman
face_age/010/1106.png,10,child,Woman
face_age/016/8228.png,16,teen,Woman
face_age/022/7679.png,22,youth,Woman
face_age/065/7000.png,65,older,Woman
face_age/053/489.png,53,mature,Woman
face_age/044/3063.png,44,mid,Woman
face_age/007/2767.png,7,child,Woman
face_age/004/5287.png,4,child,Woman
face_age/012/193.png,12,child,Woman
face_age/024/2748.png,24,youth,Woman
face_age/032/6979.png,32,mid,Woman
face_age/025/4510.png,25,youth,Woman
face_age/027/3902.png,27,youth,Woman
face_age/035/1111.png,35,mid,Woman
face_age/004/7016.png,4,child,Woman
face_age/026/8028.png,26,youth,Woman
face_age/017/9050.png,17,teen,Woman
face_age/026/1307.png,26,youth,Woman
face_age/011/8656.png,11,child,Woman
face_age/014/3199.png,14,teen,Woman
face_age/054/7800.png,54,mature,Woman
face_age/004/6659.png,4,child,Woman
face_age/036/854.png,36,mid,Woman
face_age/022/4934.png,22,youth,Woman
face_age/016/1742.png,16,teen,Woman
face_age/020/1410.png,20,youth,Woman
face_age/025/2137.png,25,youth,Woman
face_age/020/1614.png,20,youth,Woman
face_age/019/9776.png,19,teen,Woman
face_age/058/3256.png,58,mature,Woman
face_age/030/9394.png,30,youth,Woman
face_age/007/8508.png,7,child,Woman
face_age/024/4708.png,24,youth,Woman
face_age/006/295.png,6,child,Woman
face_age/026/7477.png,26,youth,Woman
face_age/031/87.png,31,mid,Woman
face_age/021/4730.png,21,youth,Woman
face_age/036/1942.png,36,mid,Woman
face_age/035/801.png,35,mid,Woman
face_age/027/433.png,27,youth,Woman
face_age/026/267.png,26,youth,Woman
face_age/037/3091.png,37,mid,Woman
face_age/026/1086.png,26,youth,Woman
face_age/030/5319.png,30,youth,Woman
face_age/020/6112.png,20,youth,Woman
face_age/024/1642.png,24,youth,Woman
face_age/022/5616.png,22,youth,Woman
face_age/018/8576.png,18,teen,Woman
face_age/056/6429.png,56,mature,Woman
face_age/050/7584.png,50,mature,Woman
face_age/038/4459.png,38,mid,Woman
face_age/060/4850.png,60,mature,Woman
face_age/060/4432.png,60,mature,Woman
face_age/026/1904.png,26,youth,Woman
face_age/026/2039.png,26,youth,Woman
face_age/017/8661.png,17,teen,Woman
face_age/011/9251.png,11,child,Woman
face_age/065/122.png,65,older,Woman
face_age/026/86.png,26,youth,Woman
face_age/025/9275.png,25,youth,Woman
face_age/016/8019.png,16,teen,Woman
face_age/062/4756.png,62,older,Woman
face_age/031/6316.png,31,mid,Woman
face_age/066/7392.png,66,older,Woman
face_age/022/3836.png,22,youth,Woman
face_age/023/3919.png,23,youth,Woman
face_age/004/5719.png,4,child,Woman
face_age/013/8363.png,13,teen,Woman
face_age/018/2854.png,18,teen,Woman
face_age/010/3194.png,10,child,Woman
face_age/024/7406.png,24,youth,Woman
face_age/025/6161.png,25,youth,Woman
face_age/052/457.png,52,mature,Woman
face_age/022/1706.png,22,youth,Woman
face_age/065/1670.png,65,older,Woman
face_age/015/9531.png,15,teen,Woman
face_age/056/6258.png,56,mature,Woman
face_age/016/4503.png,16,teen,Woman
face_age/026/1360.png,26,youth,Woman
face_age/038/3922.png,38,mid,Woman
face_age/005/3497.png,5,child,Woman
face_age/026/2350.png,26,youth,Woman
face_age/054/2332.png,54,mature,Woman
face_age/065/734.png,65,older,Woman
face_age/010/1022.png,10,child,Woman
face_age/039/8302.png,39,mid,Woman
face_age/021/3570.png,21,youth,Woman
face_age/037/36.png,37,mid,Woman
face_age/010/6958.png,10,child,Woman
face_age/005/7694.png,5,child,Woman
face_age/058/2548.png,58,mature,Woman
face_age/060/9317.png,60,mature,Woman
face_age/014/5845.png,14,teen,Woman
face_age/047/5075.png,47,mature,Woman
face_age/025/4126.png,25,youth,Woman
face_age/052/6401.png,52,mature,Woman
face_age/009/3649.png,9,child,Woman
face_age/021/371.png,21,youth,Woman
face_age/038/4324.png,38,mid,Woman
face_age/023/7625.png,23,youth,Woman
face_age/026/5278.png,26,youth,Woman
face_age/032/9018.png,32,mid,Woman
face_age/028/8690.png,28,youth,Woman
face_age/077/2428.png,77,older,Woman
face_age/024/3047.png,24,youth,Woman
face_age/021/8342.png,21,youth,Woman
face_age/051/5736.png,51,mature,Woman
face_age/023/4206.png,23,youth,Woman
face_age/049/6986.png,49,mature,Woman
face_age/058/695.png,58,mature,Woman
face_age/021/4632.png,21,youth,Woman
face_age/048/8132.png,48,mature,Woman
face_age/043/8835.png,43,mid,Woman
face_age/045/6148.png,45,mid,Woman
face_age/041/8567.png,41,mid,Woman
face_age/073/2740.png,73,older,Woman
face_age/037/559.png,37,mid,Woman
face_age/016/3499.png,16,teen,Woman
face_age/032/9361.png,32,mid,Woman
face_age/021/4337.png,21,youth,Woman
face_age/060/4489.png,60,mature,Woman
face_age/053/4381.png,53,mature,Woman
face_age/049/5658.png,49,mature,Woman
face_age/020/1796.png,20,youth,Woman
face_age/024/4560.png,24,youth,Woman
face_age/024/3949.png,24,youth,Woman
face_age/021/6133.png,21,youth,Woman
face_age/039/692.png,39,mid,Woman
face_age/062/739.png,62,older,Woman
face_age/021/9466.png,21,youth,Woman
face_age/051/5624.png,51,mature,Woman
face_age/009/5256.png,9,child,Woman
face_age/024/7771.png,24,youth,Woman
face_age/021/2051.png,21,youth,Woman
face_age/046/8832.png,46,mature,Woman
face_age/025/8903.png,25,youth,Woman
face_age/022/310.png,22,youth,Woman
face_age/039/5010.png,39,mid,Woman
face_age/038/6312.png,38,mid,Woman
face_age/021/6430.png,21,youth,Woman
face_age/060/5788.png,60,mature,Woman
face_age/035/5017.png,35,mid,Woman
face_age/012/6889.png,12,child,Woman
face_age/049/8198.png,49,mature,Woman
face_age/055/8109.png,55,mature,Woman
face_age/040/7529.png,40,mid,Woman
face_age/028/4543.png,28,youth,Woman
face_age/015/6967.png,15,teen,Woman
face_age/018/870.png,18,teen,Woman
face_age/027/4868.png,27,youth,Woman
face_age/072/520.png,72,older,Woman
face_age/025/6968.png,25,youth,Woman
face_age/076/6160.png,76,older,Woman
face_age/005/5998.png,5,child,Woman
face_age/014/8561.png,14,teen,Woman
face_age/065/2708.png,65,older,Woman
face_age/018/5015.png,18,teen,Woman
face_age/042/4028.png,42,mid,Woman
face_age/012/1923.png,12,child,Woman
face_age/020/3459.png,20,youth,Woman
face_age/021/4736.png,21,youth,Woman
face_age/012/4873.png,12,child,Woman
face_age/014/7654.png,14,teen,Woman
face_age/034/9722.png,34,mid,Woman
face_age/004/6341.png,4,child,Woman
face_age/025/6503.png,25,youth,Woman
face_age/004/5383.png,4,child,Woman
face_age/008/209.png,8,child,Woman
face_age/022/5953.png,22,youth,Woman
face_age/004/1144.png,4,child,Woman
face_age/004/1332.png,4,child,Woman
face_age/067/9467.png,67,older,Woman
face_age/015/5815.png,15,teen,Woman
face_age/008/4266.png,8,child,Woman
face_age/021/9578.png,21,youth,Woman
face_age/035/8771.png,35,mid,Woman
face_age/022/935.png,22,youth,Woman
face_age/056/9422.png,56,mature,Woman
face_age/014/3461.png,14,teen,Woman
face_age/021/7564.png,21,youth,Woman
face_age/022/5644.png,22,youth,Woman
face_age/041/5216.png,41,mid,Woman
face_age/065/4151.png,65,older,Woman
face_age/034/1457.png,34,mid,Woman
face_age/009/2777.png,9,child,Woman
face_age/060/853.png,60,mature,Woman
face_age/030/6882.png,30,youth,Woman
face_age/038/2474.png,38,mid,Woman
face_age/065/4075.png,65,older,Woman
face_age/038/7146.png,38,mid,Woman
face_age/004/2464.png,4,child,Woman
face_age/009/1868.png,9,child,Woman
face_age/053/992.png,53,mature,Woman
face_age/005/8120.png,5,child,Woman
face_age/038/5865.png,38,mid,Woman
face_age/066/6407.png,66,older,Woman
face_age/020/8625.png,20,youth,Woman
face_age/008/1315.png,8,child,Woman
face_age/023/5775.png,23,youth,Woman
face_age/060/2525.png,60,mature,Woman
face_age/025/3852.png,25,youth,Woman
face_age/025/2510.png,25,youth,Woman
face_age/018/111.png,18,teen,Woman
face_age/046/1189.png,46,mature,Woman
face_age/004/115.png,4,child,Woman
face_age/032/3908.png,32,mid,Woman
face_age/023/8194.png,23,youth,Woman
face_age/068/8962.png,68,older,Woman
face_age/027/9600.png,27,youth,Woman
face_age/006/2285.png,6,child,Woman
face_age/035/8220.png,35,mid,Woman
face_age/036/7929.png,36,mid,Woman
face_age/062/4152.png,62,older,Woman
face_age/032/4214.png,32,mid,Woman
face_age/005/5390.png,5,child,Woman
face_age/029/9060.png,29,youth,Woman
face_age/057/6955.png,57,mature,Woman
face_age/016/5769.png,16,teen,Woman
face_age/048/427.png,48,mature,Woman
face_age/024/682.png,24,youth,Woman
face_age/034/1949.png,34,mid,Woman
face_age/070/4039.png,70,older,Woman
face_age/008/3565.png,8,child,Woman
face_age/070/5364.png,70,older,Woman
face_age/027/9123.png,27,youth,Woman
face_age/008/7659.png,8,child,Woman
face_age/026/1747.png,26,youth,Woman
face_age/050/9300.png,50,mature,Woman
face_age/028/1040.png,28,youth,Woman
face_age/007/3934.png,7,child,Woman
face_age/021/9429.png,21,youth,Woman
face_age/027/1294.png,27,youth,Woman
face_age/019/1442.png,19,teen,Woman
face_age/018/9215.png,18,teen,Woman
face_age/011/9777.png,11,child,Woman
face_age/056/5853.png,56,mature,Woman
face_age/008/4657.png,8,child,Woman
face_age/030/7799.png,30,youth,Woman
face_age/085/3123.png,85,older,Woman
face_age/024/480.png,24,youth,Woman
face_age/017/3948.png,17,teen,Woman
face_age/024/1798.png,24,youth,Woman
face_age/008/1689.png,8,child,Woman
face_age/018/2131.png,18,teen,Woman
face_age/008/2447.png,8,child,Woman
face_age/008/2500.png,8,child,Woman
face_age/069/7613.png,69,older,Woman
face_age/004/1424.png,4,child,Woman
face_age/025/1856.png,25,youth,Woman
face_age/031/8598.png,31,mid,Woman
face_age/020/6653.png,20,youth,Woman
face_age/026/7509.png,26,youth,Woman
face_age/077/9135.png,77,older,Woman
face_age/029/818.png,29,youth,Woman
face_age/022/9452.png,22,youth,Woman
face_age/017/2855.png,17,teen,Woman
face_age/077/4707.png,77,older,Woman
face_age/007/6058.png,7,child,Woman
face_age/026/253.png,26,youth,Woman
face_age/018/4734.png,18,teen,Woman
face_age/049/8573.png,49,mature,Woman
face_age/015/5318.png,15,teen,Woman
face_age/021/3095.png,21,youth,Woman
face_age/049/5518.png,49,mature,Woman
face_age/024/4084.png,24,youth,Woman
face_age/020/4816.png,20,youth,Woman
face_age/023/899.png,23,youth,Woman
face_age/065/5948.png,65,older,Woman
face_age/026/2187.png,26,youth,Woman
face_age/005/8961.png,5,child,Woman
face_age/029/9292.png,29,youth,Woman
face_age/021/8780.png,21,youth,Woman
face_age/023/5241.png,23,youth,Woman
face_age/030/6197.png,30,youth,Woman
face_age/020/4692.png,20,youth,Woman
face_age/028/3305.png,28,youth,Woman
face_age/039/5022.png,39,mid,Woman
face_age/032/118.png,32,mid,Woman
face_age/016/6954.png,16,teen,Woman
face_age/027/6920.png,27,youth,Woman
face_age/012/72.png,12,child,Woman
face_age/028/5751.png,28,youth,Woman
face_age/025/2832.png,25,youth,Woman
face_age/039/4512.png,39,mid,Woman
face_age/008/625.png,8,child,Woman
face_age/023/1012.png,23,youth,Woman
face_age/032/45.png,32,mid,Woman
face_age/007/9364.png,7,child,Woman
face_age/028/5535.png,28,youth,Woman
face_age/034/7534.png,34,mid,Woman
face_age/006/4757.png,6,child,Woman
face_age/029/1885.png,29,youth,Woman
face_age/080/6578.png,80,older,Woman
face_age/011/4912.png,11,child,Woman
face_age/004/2576.png,4,child,Woman
face_age/028/4443.png,28,youth,Woman
face_age/025/3631.png,25,youth,Woman
face_age/060/7331.png,60,mature,Woman
face_age/045/9149.png,45,mid,Woman
face_age/007/4876.png,7,child,Woman
face_age/028/5325.png,28,youth,Woman
face_age/008/6114.png,8,child,Woman
face_age/059/7430.png,59,mature,Woman
face_age/006/5896.png,6,child,Woman
face_age/058/6138.png,58,mature,Woman
face_age/022/2867.png,22,youth,Woman
face_age/011/3600.png,11,child,Woman
face_age/039/8095.png,39,mid,Woman
face_age/029/3684.png,29,youth,Woman
face_age/062/9741.png,62,older,Woman
face_age/022/2903.png,22,youth,Woman
face_age/027/3437.png,27,youth,Woman
face_age/021/355.png,21,youth,Woman
face_age/060/1833.png,60,mature,Woman
face_age/060/5590.png,60,mature,Woman
face_age/040/8823.png,40,mid,Woman
face_age/023/4903.png,23,youth,Woman
face_age/019/4053.png,19,teen,Woman
face_age/008/7398.png,8,child,Woman
face_age/049/2707.png,49,mature,Woman
face_age/069/1134.png,69,older,Woman
face_age/024/6267.png,24,youth,Woman
face_age/056/528.png,56,mature,Woman
face_age/037/6409.png,37,mid,Woman
face_age/018/622.png,18,teen,Woman
face_age/056/8296.png,56,mature,Woman
face_age/039/8675.png,39,mid,Woman
face_age/056/8886.png,56,mature,Woman
face_age/023/6171.png,23,youth,Woman
face_age/036/3035.png,36,mid,Woman
face_age/008/4025.png,8,child,Woman
face_age/023/5210.png,23,youth,Woman
face_age/024/3354.png,24,youth,Woman
face_age/008/7390.png,8,child,Woman
face_age/023/1673.png,23,youth,Woman
face_age/022/8068.png,22,youth,Woman
face_age/038/6443.png,38,mid,Woman
face_age/009/7922.png,9,child,Woman
face_age/004/4254.png,4,child,Woman
face_age/085/644.png,85,older,Woman
face_age/031/1209.png,31,mid,Woman
face_age/018/1367.png,18,teen,Woman
face_age/026/761.png,26,youth,Woman
face_age/018/1527.png,18,teen,Woman
face_age/049/3177.png,49,mature,Woman
face_age/012/7858.png,12,child,Woman
face_age/004/3490.png,4,child,Woman
face_age/056/2004.png,56,mature,Woman
face_age/069/1612.png,69,older,Woman
face_age/019/7548.png,19,teen,Woman
face_age/050/9180.png,50,mature,Woman
face_age/054/7386.png,54,mature,Woman
face_age/040/944.png,40,mid,Woman
face_age/070/3648.png,70,older,Woman
face_age/025/1594.png,25,youth,Woman
face_age/026/5786.png,26,youth,Woman
face_age/072/8002.png,72,older,Woman
face_age/020/6597.png,20,youth,Woman
face_age/036/9372.png,36,mid,Woman
face_age/031/5505.png,31,mid,Woman
face_age/052/3062.png,52,mature,Woman
face_age/031/2174.png,31,mid,Woman
face_age/014/784.png,14,teen,Woman
face_age/027/1132.png,27,youth,Woman
face_age/018/6053.png,18,teen,Woman
face_age/009/8981.png,9,child,Woman
face_age/026/7082.png,26,youth,Woman
face_age/036/6948.png,36,mid,Woman
face_age/032/2805.png,32,mid,Woman
face_age/023/4453.png,23,youth,Woman
face_age/060/6237.png,60,mature,Woman
face_age/025/7354.png,25,youth,Woman
face_age/024/5570.png,24,youth,Woman
face_age/034/9405.png,34,mid,Woman
face_age/018/1329.png,18,teen,Woman
face_age/012/1376.png,12,child,Woman
face_age/031/3298.png,31,mid,Woman
face_age/016/4272.png,16,teen,Woman
face_age/055/9375.png,55,mature,Woman
face_age/021/9127.png,21,youth,Woman
face_age/005/322.png,5,child,Woman
face_age/006/172.png,6,child,Woman
face_age/035/990.png,35,mid,Woman
face_age/068/2173.png,68,older,Woman
face_age/024/5771.png,24,youth,Woman
face_age/053/5945.png,53,mature,Woman
face_age/004/140.png,4,child,Woman
face_age/025/7670.png,25,youth,Woman
face_age/018/6532.png,18,teen,Woman
face_age/028/5270.png,28,youth,Woman
face_age/029/9763.png,29,youth,Woman
face_age/006/9358.png,6,child,Woman
face_age/031/5944.png,31,mid,Woman
face_age/006/586.png,6,child,Woman
face_age/052/3965.png,52,mature,Woman
face_age/065/7125.png,65,older,Woman
face_age/034/8821.png,34,mid,Woman
face_age/042/2825.png,42,mid,Woman
face_age/043/8337.png,43,mid,Woman
face_age/054/6379.png,54,mature,Woman
face_age/015/8008.png,15,teen,Woman
face_age/052/469.png,52,mature,Woman
face_age/008/8889.png,8,child,Woman
face_age/027/462.png,27,youth,Woman
face_age/027/3842.png,27,youth,Woman
face_age/025/9255.png,25,youth,Woman
face_age/053/2397.png,53,mature,Woman
face_age/016/9636.png,16,teen,Woman
face_age/022/4814.png,22,youth,Woman
face_age/036/486.png,36,mid,Woman
face_age/025/6734.png,25,youth,Woman
face_age/024/6500.png,24,youth,Woman
face_age/063/9146.png,63,older,Woman
face_age/027/2019.png,27,youth,Woman
face_age/039/7494.png,39,mid,Woman
face_age/059/1797.png,59,mature,Woman
face_age/050/3458.png,50,mature,Woman
face_age/028/3853.png,28,youth,Woman
face_age/066/6206.png,66,older,Woman
face_age/024/6415.png,24,youth,Woman
face_age/013/8472.png,13,teen,Woman
face_age/060/2322.png,60,mature,Woman
face_age/007/4466.png,7,child,Woman
face_age/072/3442.png,72,older,Woman
face_age/030/5901.png,30,youth,Woman
face_age/008/3460.png,8,child,Woman
face_age/016/561.png,16,teen,Woman
face_age/061/7937.png,61,older,Woman
face_age/057/8353.png,57,mature,Woman
face_age/010/8881.png,10,child,Woman
face_age/008/5011.png,8,child,Woman
face_age/028/3250.png,28,youth,Woman
face_age/012/6695.png,12,child,Woman
face_age/041/9062.png,41,mid,Woman
face_age/030/6943.png,30,youth,Woman
face_age/026/8313.png,26,youth,Woman
face_age/026/4340.png,26,youth,Woman
face_age/026/9220.png,26,youth,Woman
face_age/005/1348.png,5,child,Woman
face_age/053/2005.png,53,mature,Woman
face_age/018/3579.png,18,teen,Woman
face_age/008/7832.png,8,child,Woman
face_age/065/5766.png,65,older,Woman
face_age/018/1621.png,18,teen,Woman
face_age/026/5442.png,26,youth,Woman
face_age/029/5000.png,29,youth,Woman
face_age/029/7531.png,29,youth,Woman
face_age/033/3881.png,33,mid,Woman
face_age/021/8806.png,21,youth,Woman
face_age/016/5368.png,16,teen,Woman
face_age/009/4304.png,9,child,Woman
face_age/036/9448.png,36,mid,Woman
face_age/016/5680.png,16,teen,Woman
face_age/014/5762.png,14,teen,Woman
face_age/037/6471.png,37,mid,Woman
face_age/028/8170.png,28,youth,Woman
face_age/008/5152.png,8,child,Woman
face_age/015/5607.png,15,teen,Woman
face_age/039/2505.png,39,mid,Woman
face_age/035/6073.png,35,mid,Woman
face_age/020/1115.png,20,youth,Woman
face_age/024/9769.png,24,youth,Woman
face_age/008/379.png,8,child,Woman
face_age/008/1620.png,8,child,Woman
face_age/018/7869.png,18,teen,Woman
face_age/046/1066.png,46,mature,Woman
face_age/018/5801.png,18,teen,Woman
face_age/035/2367.png,35,mid,Woman
face_age/024/2645.png,24,youth,Woman
face_age/012/9490.png,12,child,Woman
face_age/016/5881.png,16,teen,Woman
face_age/028/7738.png,28,youth,Woman
face_age/018/7551.png,18,teen,Woman
face_age/040/9602.png,40,mid,Woman
face_age/025/3061.png,25,youth,Woman
face_age/072/426.png,72,older,Woman
face_age/026/3147.png,26,youth,Woman
face_age/014/5659.png,14,teen,Woman
face_age/036/7974.png,36,mid,Woman
face_age/033/7915.png,33,mid,Woman
face_age/018/4267.png,18,teen,Woman
face_age/052/2344.png,52,mature,Woman
face_age/047/3800.png,47,mature,Woman
face_age/043/5829.png,43,mid,Woman
face_age/026/2120.png,26,youth,Woman
face_age/008/239.png,8,child,Woman
face_age/015/4837.png,15,teen,Woman
face_age/026/7393.png,26,youth,Woman
face_age/075/6602.png,75,older,Woman
face_age/009/3125.png,9,child,Woman
face_age/028/9444.png,28,youth,Woman
face_age/023/609.png,23,youth,Woman
face_age/032/6864.png,32,mid,Woman
face_age/028/828.png,28,youth,Woman
face_age/022/9264.png,22,youth,Woman
face_age/024/7062.png,24,youth,Woman
face_age/084/6156.png,84,older,Woman
face_age/022/4002.png,22,youth,Woman
face_age/013/6121.png,13,teen,Woman
face_age/019/4112.png,19,teen,Woman
face_age/053/7325.png,53,mature,Woman
face_age/016/1879.png,16,teen,Woman
face_age/073/5618.png,73,older,Woman
face_age/061/7972.png,61,older,Woman
face_age/073/1631.png,73,older,Woman
face_age/049/8526.png,49,mature,Woman
face_age/018/1014.png,18,teen,Woman
face_age/027/712.png,27,youth,Woman
face_age/042/7539.png,42,mid,Woman
face_age/024/7131.png,24,youth,Woman
face_age/031/223.png,31,mid,Woman
face_age/019/6289.png,19,teen,Woman
face_age/032/5613.png,32,mid,Woman
face_age/051/7933.png,51,mature,Woman
face_age/034/4705.png,34,mid,Woman
face_age/010/8634.png,10,child,Woman
face_age/017/9192.png,17,teen,Woman
face_age/044/1506.png,44,mid,Woman
face_age/006/7893.png,6,child,Woman
face_age/026/2582.png,26,youth,Woman
face_age/020/7980.png,20,youth,Woman
face_age/081/1215.png,81,older,Woman
face_age/028/3291.png,28,youth,Woman
face_age/068/8412.png,68,older,Woman
face_age/008/2871.png,8,child,Woman
face_age/025/5235.png,25,youth,Woman
face_age/005/4182.png,5,child,Woman
face_age/004/4773.png,4,child,Woman
face_age/047/9269.png,47,mature,Woman
face_age/035/6980.png,35,mid,Woman
face_age/030/2691.png,30,youth,Woman
face_age/005/7703.png,5,child,Woman
face_age/010/3774.png,10,child,Woman
face_age/048/5908.png,48,mature,Woman
face_age/092/9710.png,92,older,Woman
face_age/038/1365.png,38,mid,Woman
face_age/068/7330.png,68,older,Woman
face_age/025/2690.png,25,youth,Woman
face_age/027/3107.png,27,youth,Woman
face_age/032/8861.png,32,mid,Woman
face_age/061/6651.png,61,older,Woman
face_age/006/7939.png,6,child,Woman
face_age/029/3015.png,29,youth,Woman
face_age/039/5173.png,39,mid,Woman
face_age/062/363.png,62,older,Woman
face_age/016/8135.png,16,teen,Woman
face_age/062/6466.png,62,older,Woman
face_age/019/9193.png,19,teen,Woman
face_age/040/3175.png,40,mid,Woman
face_age/034/2984.png,34,mid,Woman
face_age/024/5531.png,24,youth,Woman
face_age/060/1358.png,60,mature,Woman
face_age/006/6173.png,6,child,Woman
face_age/060/2168.png,60,mature,Woman
face_age/025/8606.png,25,youth,Woman
face_age/026/5770.png,26,youth,Woman
face_age/011/1568.png,11,child,Woman
face_age/053/3436.png,53,mature,Woman
face_age/008/2557.png,8,child,Woman
face_age/016/4672.png,16,teen,Woman
face_age/018/2107.png,18,teen,Woman
face_age/004/8870.png,4,child,Woman
face_age/031/1015.png,31,mid,Woman
face_age/009/732.png,9,child,Woman
face_age/019/8789.png,19,teen,Woman
face_age/018/8660.png,18,teen,Woman
face_age/065/5437.png,65,older,Woman
face_age/025/590.png,25,youth,Woman
face_age/007/4674.png,7,child,Woman
face_age/053/6434.png,53,mature,Woman
face_age/024/4263.png,24,youth,Woman
face_age/006/6414.png,6,child,Woman
face_age/015/9657.png,15,teen,Woman
face_age/006/5621.png,6,child,Woman
face_age/006/2736.png,6,child,Woman
face_age/004/9164.png,4,child,Woman
face_age/026/3999.png,26,youth,Woman
face_age/011/1204.png,11,child,Woman
face_age/024/2527.png,24,youth,Woman
face_age/062/9664.png,62,older,Woman
face_age/010/9161.png,10,child,Woman
face_age/015/1899.png,15,teen,Woman
face_age/018/3849.png,18,teen,Woman
face_age/006/2394.png,6,child,Woman
face_age/015/5905.png,15,teen,Woman
face_age/008/2183.png,8,child,Woman
face_age/044/892.png,44,mid,Woman
face_age/004/4175.png,4,child,Woman
face_age/028/1492.png,28,youth,Woman
face_age/021/7316.png,21,youth,Woman
face_age/045/2902.png,45,mid,Woman
face_age/029/3699.png,29,youth,Woman
face_age/049/2833.png,49,mature,Woman
face_age/058/2074.png,58,mature,Woman
face_age/031/3832.png,31,mid,Woman
face_age/052/8411.png,52,mature,Woman
face_age/024/9044.png,24,youth,Woman
face_age/014/6018.png,14,teen,Woman
face_age/037/5378.png,37,mid,Woman
face_age/039/7443.png,39,mid,Woman
face_age/060/1533.png,60,mature,Woman
face_age/022/7485.png,22,youth,Woman
face_age/021/8377.png,21,youth,Woman
face_age/069/3974.png,69,older,Woman
face_age/082/1951.png,82,older,Woman
face_age/017/4240.png,17,teen,Woman
face_age/063/5592.png,63,older,Woman
face_age/017/5765.png,17,teen,Woman
face_age/005/8041.png,5,child,Woman
face_age/059/2320.png,59,mature,Woman
face_age/034/7635.png,34,mid,Woman
face_age/017/219.png,17,teen,Woman
face_age/020/1276.png,20,youth,Woman
face_age/019/928.png,19,teen,Woman
face_age/023/6701.png,23,youth,Woman
face_age/026/50.png,26,youth,Woman
face_age/006/2678.png,6,child,Woman
face_age/063/1826.png,63,older,Woman
face_age/060/8836.png,60,mature,Woman
face_age/070/4408.png,70,older,Woman
face_age/041/6005.png,41,mid,Woman
face_age/039/1602.png,39,mid,Woman
face_age/053/2167.png,53,mature,Woman
face_age/032/697.png,32,mid,Woman
face_age/018/6622.png,18,teen,Woman
face_age/056/7457.png,56,mature,Woman
face_age/011/6228.png,11,child,Woman
face_age/016/999.png,16,teen,Woman
face_age/049/4643.png,49,mature,Woman
face_age/039/4256.png,39,mid,Woman
face_age/021/7043.png,21,youth,Woman
face_age/022/3014.png,22,youth,Woman
face_age/054/2420.png,54,mature,Woman
face_age/067/8931.png,67,older,Woman
face_age/039/9086.png,39,mid,Woman
face_age/024/2938.png,24,youth,Woman
face_age/089/1343.png,89,older,Woman
face_age/016/5503.png,16,teen,Woman
face_age/049/3232.png,49,mature,Woman
face_age/070/2376.png,70,older,Woman
face_age/042/1957.png,42,mid,Woman
face_age/080/1231.png,80,older,Woman
face_age/014/9665.png,14,teen,Woman
face_age/054/4397.png,54,mature,Woman
face_age/026/7305.png,26,youth,Woman
face_age/035/8048.png,35,mid,Woman
face_age/024/7189.png,24,youth,Woman
face_age/038/2803.png,38,mid,Woman
face_age/052/4858.png,52,mature,Woman
face_age/004/3377.png,4,child,Woman
face_age/060/7620.png,60,mature,Woman
face_age/004/1558.png,4,child,Woman
face_age/005/7744.png,5,child,Woman
face_age/068/1435.png,68,older,Woman
face_age/065/3432.png,65,older,Woman
face_age/024/1421.png,24,youth,Woman
face_age/015/7449.png,15,teen,Woman
face_age/022/8190.png,22,youth,Woman
face_age/034/6092.png,34,mid,Woman
face_age/037/2110.png,37,mid,Woman
face_age/015/6668.png,15,teen,Woman
face_age/040/9268.png,40,mid,Woman
face_age/045/199.png,45,mid,Woman
face_age/085/4196.png,85,older,Woman
face_age/051/1789.png,51,mature,Woman
face_age/026/8844.png,26,youth,Woman
face_age/069/5844.png,69,older,Woman
face_age/022/5682.png,22,youth,Woman
face_age/069/1640.png,69,older,Woman
face_age/070/1536.png,70,older,Woman
face_age/011/8473.png,11,child,Woman
face_age/026/6084.png,26,youth,Woman
face_age/010/1244.png,10,child,Woman
face_age/005/6437.png,5,child,Woman
face_age/022/3685.png,22,youth,Woman
face_age/020/9594.png,20,youth,Woman
face_age/076/5900.png,76,older,Woman
face_age/037/533.png,37,mid,Woman
face_age/079/4880.png,79,older,Woman
face_age/045/2221.png,45,mid,Woman
face_age/016/4518.png,16,teen,Woman
face_age/018/7067.png,18,teen,Woman
face_age/032/1821.png,32,mid,Woman
face_age/043/3350.png,43,mid,Woman
face_age/060/1006.png,60,mature,Woman
face_age/022/4135.png,22,youth,Woman
face_age/046/1500.png,46,mature,Woman
face_age/014/1047.png,14,teen,Woman
face_age/070/7452.png,70,older,Woman
face_age/077/588.png,77,older,Woman
face_age/013/2831.png,13,teen,Woman
face_age/012/548.png,12,child,Woman
face_age/016/4219.png,16,teen,Woman
face_age/062/1263.png,62,older,Woman
face_age/016/5601.png,16,teen,Woman
face_age/066/9540.png,66,older,Woman
face_age/029/5135.png,29,youth,Woman
face_age/016/167.png,16,teen,Woman
face_age/072/9502.png,72,older,Woman
face_age/036/4809.png,36,mid,Woman
face_age/013/7866.png,13,teen,Woman
face_age/086/5582.png,86,older,Woman
face_age/023/9248.png,23,youth,Woman
face_age/018/3764.png,18,teen,Woman
face_age/056/9134.png,56,mature,Woman
face_age/020/2526.png,20,youth,Woman
face_age/062/2821.png,62,older,Woman
face_age/018/3240.png,18,teen,Woman
face_age/010/2331.png,10,child,Woman
face_age/006/263.png,6,child,Woman
face_age/008/3224.png,8,child,Woman
face_age/032/9224.png,32,mid,Woman
face_age/029/6812.png,29,youth,Woman
face_age/004/2257.png,4,child,Woman
face_age/023/3409.png,23,youth,Woman
face_age/053/3993.png,53,mature,Woman
face_age/022/5254.png,22,youth,Woman
face_age/018/733.png,18,teen,Woman
face_age/073/7784.png,73,older,Woman
face_age/056/1519.png,56,mature,Woman
face_age/020/5156.png,20,youth,Woman
face_age/075/5018.png,75,older,Woman
face_age/026/1801.png,26,youth,Woman
face_age/036/8027.png,36,mid,Woman
face_age/024/536.png,24,youth,Woman
face_age/021/9074.png,21,youth,Woman
face_age/016/2768.png,16,teen,Woman
face_age/007/9093.png,7,child,Woman
face_age/040/7056.png,40,mid,Woman
face_age/014/5055.png,14,teen,Woman
face_age/068/1399.png,68,older,Woman
face_age/029/3550.png,29,youth,Woman
face_age/042/5973.png,42,mid,Woman
face_age/010/1751.png,10,child,Woman
face_age/023/8641.png,23,youth,Woman
face_age/029/8677.png,29,youth,Woman
face_age/085/635.png,85,older,Woman
face_age/053/1731.png,53,mature,Woman
face_age/024/1682.png,24,youth,Woman
face_age/018/7312.png,18,teen,Woman
face_age/016/3694.png,16,teen,Woman
face_age/012/2726.png,12,child,Woman
face_age/008/4587.png,8,child,Woman
face_age/025/2365.png,25,youth,Woman
face_age/027/5738.png,27,youth,Woman
face_age/009/403.png,9,child,Woman
face_age/036/2753.png,36,mid,Woman
face_age/077/7575.png,77,older,Woman
face_age/050/6636.png,50,mature,Woman
face_age/080/3242.png,80,older,Woman
face_age/017/7025.png,17,teen,Woman
face_age/022/8006.png,22,youth,Woman
face_age/021/8582.png,21,youth,Woman
face_age/018/5133.png,18,teen,Woman
face_age/005/1328.png,5,child,Woman
face_age/018/3519.png,18,teen,Woman
face_age/009/1782.png,9,child,Woman
face_age/088/53.png,88,older,Woman
face_age/037/3369.png,37,mid,Woman
face_age/024/7629.png,24,youth,Woman
face_age/016/1241.png,16,teen,Woman
face_age/043/6313.png,43,mid,Woman
face_age/026/1872.png,26,youth,Woman
face_age/005/6553.png,5,child,Woman
face_age/014/9129.png,14,teen,Woman
face_age/026/127.png,26,youth,Woman
face_age/005/9099.png,5,child,Woman
face_age/007/9427.png,7,child,Woman
face_age/075/4854.png,75,older,Woman
face_age/045/9108.png,45,mid,Woman
face_age/053/7927.png,53,mature,Woman
face_age/016/3.png,16,teen,Woman
face_age/009/6187.png,9,child,Woman
face_age/031/2059.png,31,mid,Woman
face_age/059/1954.png,59,mature,Woman
face_age/042/7857.png,42,mid,Woman
face_age/022/6949.png,22,youth,Woman
face_age/022/9544.png,22,youth,Woman
face_age/054/5222.png,54,mature,Woman
face_age/004/4349.png,4,child,Woman
face_age/004/7193.png,4,child,Woman
face_age/011/6442.png,11,child,Woman
face_age/061/524.png,61,older,Woman
face_age/024/8978.png,24,youth,Woman
face_age/043/8630.png,43,mid,Woman
face_age/021/2289.png,21,youth,Woman
face_age/060/1878.png,60,mature,Woman
face_age/012/6085.png,12,child,Woman
face_age/062/1876.png,62,older,Woman
face_age/028/5868.png,28,youth,Woman
face_age/004/2219.png,4,child,Woman
face_age/063/4382.png,63,older,Woman
face_age/008/6323.png,8,child,Woman
face_age/019/8107.png,19,teen,Woman
face_age/010/7515.png,10,child,Woman
face_age/006/47.png,6,child,Woman
face_age/036/3032.png,36,mid,Woman
face_age/028/9188.png,28,youth,Woman
face_age/034/4928.png,34,mid,Woman
face_age/008/2016.png,8,child,Woman
face_age/024/6457.png,24,youth,Woman
face_age/008/4173.png,8,child,Woman
face_age/036/3516.png,36,mid,Woman
face_age/004/4574.png,4,child,Woman
face_age/060/8910.png,60,mature,Woman
face_age/030/8030.png,30,youth,Woman
face_age/037/5212.png,37,mid,Woman
face_age/031/1608.png,31,mid,Woman
face_age/038/94.png,38,mid,Woman
face_age/029/381.png,29,youth,Woman
face_age/025/5043.png,25,youth,Woman
face_age/023/1909.png,23,youth,Woman
face_age/065/6068.png,65,older,Woman
face_age/026/103.png,26,youth,Woman
face_age/071/8060.png,71,older,Woman
face_age/015/9734.png,15,teen,Woman
face_age/084/7076.png,84,older,Woman
face_age/030/7105.png,30,youth,Woman
face_age/063/2942.png,63,older,Woman
face_age/043/5841.png,43,mid,Woman
face_age/016/5274.png,16,teen,Woman
face_age/072/6632.png,72,older,Woman
face_age/038/4680.png,38,mid,Woman
face_age/009/5244.png,9,child,Woman
face_age/016/6804.png,16,teen,Woman
face_age/006/4617.png,6,child,Woman
face_age/060/6559.png,60,mature,Woman
face_age/018/3303.png,18,teen,Woman
face_age/020/1239.png,20,youth,Woman
face_age/004/8913.png,4,child,Woman
face_age/017/8609.png,17,teen,Woman
face_age/025/7909.png,25,youth,Woman
face_age/026/6317.png,26,youth,Woman
face_age/057/8869.png,57,mature,Woman
face_age/025/2068.png,25,youth,Woman
face_age/071/3978.png,71,older,Woman
face_age/008/2911.png,8,child,Woman
face_age/032/6803.png,32,mid,Woman
face_age/026/3944.png,26,youth,Woman
face_age/020/599.png,20,youth,Woman
face_age/017/49.png,17,teen,Woman
face_age/012/9656.png,12,child,Woman
face_age/029/3533.png,29,youth,Woman
face_age/006/3247.png,6,child,Woman
face_age/052/793.png,52,mature,Woman
face_age/035/2790.png,35,mid,Woman
face_age/026/4939.png,26,youth,Woman
face_age/005/8605.png,5,child,Woman
face_age/026/4010.png,26,youth,Woman
face_age/021/7607.png,21,youth,Woman
face_age/053/7790.png,53,mature,Woman
face_age/029/269.png,29,youth,Woman
face_age/032/4740.png,32,mid,Woman
face_age/027/8952.png,27,youth,Woman
face_age/004/4830.png,4,child,Woman
face_age/030/7819.png,30,youth,Woman
face_age/009/3389.png,9,child,Woman
face_age/020/8515.png,20,youth,Woman
face_age/018/117.png,18,teen,Woman
face_age/031/6686.png,31,mid,Woman
face_age/015/1861.png,15,teen,Woman
face_age/049/5516.png,49,mature,Woman
face_age/018/1896.png,18,teen,Woman
face_age/027/3686.png,27,youth,Woman
face_age/053/6022.png,53,mature,Woman
face_age/075/3169.png,75,older,Woman
face_age/060/3450.png,60,mature,Woman
face_age/006/1452.png,6,child,Woman
face_age/025/4156.png,25,youth,Woman
face_age/060/7903.png,60,mature,Woman
face_age/038/7731.png,38,mid,Woman
face_age/024/6113.png,24,youth,Woman
face_age/010/4345.png,10,child,Woman
face_age/039/1850.png,39,mid,Woman
face_age/015/6278.png,15,teen,Woman
face_age/069/3418.png,69,older,Woman
face_age/050/7035.png,50,mature,Woman
face_age/034/8208.png,34,mid,Woman
face_age/066/5708.png,66,older,Woman
face_age/025/8356.png,25,youth,Woman
face_age/004/2411.png,4,child,Woman
face_age/017/7518.png,17,teen,Woman
face_age/011/9601.png,11,child,Woman
face_age/053/5078.png,53,mature,Woman
face_age/053/4848.png,53,mature,Woman
face_age/030/5870.png,30,youth,Woman
face_age/060/1497.png,60,mature,Woman
face_age/045/5996.png,45,mid,Woman
face_age/020/6993.png,20,youth,Woman
face_age/050/8819.png,50,mature,Woman
face_age/058/7936.png,58,mature,Woman
face_age/047/591.png,47,mature,Woman
face_age/008/619.png,8,child,Woman
face_age/060/1038.png,60,mature,Woman
face_age/027/6829.png,27,youth,Woman
face_age/030/2309.png,30,youth,Woman
face_age/052/6752.png,52,mature,Woman
face_age/031/816.png,31,mid,Woman
face_age/020/3845.png,20,youth,Woman
face_age/064/8258.png,64,older,Woman
face_age/014/5193.png,14,teen,Woman
face_age/006/246.png,6,child,Woman
face_age/021/837.png,21,youth,Woman
face_age/036/9022.png,36,mid,Woman
face_age/010/3680.png,10,child,Woman
face_age/021/4996.png,21,youth,Woman
face_age/013/2524.png,13,teen,Woman
face_age/029/4169.png,29,youth,Woman
face_age/012/7649.png,12,child,Woman
face_age/065/7266.png,65,older,Woman
face_age/009/8619.png,9,child,Woman
face_age/006/7334.png,6,child,Woman
face_age/049/384.png,49,mature,Woman
face_age/026/5856.png,26,youth,Woman
face_age/026/2669.png,26,youth,Woman
face_age/010/8562.png,10,child,Woman
face_age/012/6702.png,12,child,Woman
face_age/028/6217.png,28,youth,Woman
face_age/036/420.png,36,mid,Woman
face_age/019/1392.png,19,teen,Woman
face_age/069/5477.png,69,older,Woman
face_age/024/8413.png,24,youth,Woman
face_age/008/7513.png,8,child,Woman
face_age/022/3257.png,22,youth,Woman
face_age/012/6099.png,12,child,Woman
face_age/054/1571.png,54,mature,Woman
face_age/038/4936.png,38,mid,Woman
face_age/004/4143.png,4,child,Woman
face_age/061/6867.png,61,older,Woman
face_age/016/2800.png,16,teen,Woman
face_age/057/7216.png,57,mature,Woman
face_age/004/2818.png,4,child,Woman
face_age/017/8787.png,17,teen,Woman
face_age/021/8635.png,21,youth,Woman
face_age/069/6684.png,69,older,Woman
face_age/049/3815.png,49,mature,Woman
face_age/011/3748.png,11,child,Woman
face_age/080/7680.png,80,older,Woman
face_age/015/2566.png,15,teen,Woman
face_age/036/1020.png,36,mid,Woman
face_age/021/8288.png,21,youth,Woman
face_age/007/6383.png,7,child,Woman
face_age/027/6827.png,27,youth,Woman
face_age/004/2776.png,4,child,Woman
face_age/071/139.png,71,older,Woman
face_age/065/5308.png,65,older,Woman
face_age/049/9214.png,49,mature,Woman
face_age/009/7455.png,9,child,Woman
face_age/035/8185.png,35,mid,Woman
face_age/004/129.png,4,child,Woman
face_age/054/938.png,54,mature,Woman
face_age/082/6378.png,82,older,Woman
face_age/073/7968.png,73,older,Woman
face_age/022/3911.png,22,youth,Woman
face_age/056/3740.png,56,mature,Woman
face_age/016/7643.png,16,teen,Woman
face_age/008/9109.png,8,child,Woman
face_age/090/6024.png,90,older,Woman
face_age/030/1120.png,30,youth,Woman
face_age/015/9758.png,15,teen,Woman
face_age/024/8196.png,24,youth,Woman
face_age/020/3963.png,20,youth,Woman
face_age/009/7527.png,9,child,Woman
face_age/018/1155.png,18,teen,Woman
face_age/004/3347.png,4,child,Woman
face_age/024/2429.png,24,youth,Woman
face_age/053/4865.png,53,mature,Woman
face_age/006/2565.png,6,child,Woman
face_age/050/1644.png,50,mature,Woman
face_age/026/3385.png,26,youth,Woman
face_age/085/1019.png,85,older,Woman
face_age/009/2040.png,9,child,Woman
face_age/011/4215.png,11,child,Woman
face_age/010/1385.png,10,child,Woman
face_age/022/1454.png,22,youth,Woman
face_age/004/6880.png,4,child,Woman
face_age/034/5854.png,34,mid,Woman
face_age/090/8795.png,90,older,Woman
face_age/060/6265.png,60,mature,Woman
face_age/072/5048.png,72,older,Woman
face_age/027/778.png,27,youth,Woman
face_age/008/8011.png,8,child,Woman
face_age/005/7665.png,5,child,Woman
face_age/036/2105.png,36,mid,Woman
face_age/061/8875.png,61,older,Woman
face_age/043/4271.png,43,mid,Woman
face_age/008/5042.png,8,child,Woman
face_age/030/8541.png,30,youth,Woman
face_age/043/1938.png,43,mid,Woman
face_age/037/6935.png,37,mid,Woman
face_age/045/5988.png,45,mid,Woman
face_age/056/9754.png,56,mature,Woman
face_age/007/3630.png,7,child,Woman
face_age/032/8901.png,32,mid,Woman
face_age/018/9762.png,18,teen,Woman
face_age/023/4033.png,23,youth,Woman
face_age/027/7795.png,27,youth,Woman
face_age/069/1426.png,69,older,Woman
face_age/072/3537.png,72,older,Woman
face_age/053/6482.png,53,mature,Woman
face_age/026/2323.png,26,youth,Woman
face_age/008/8853.png,8,child,Woman
face_age/036/8650.png,36,mid,Woman
face_age/020/560.png,20,youth,Woman
face_age/043/9228.png,43,mid,Woman
face_age/008/6699.png,8,child,Woman
face_age/037/1967.png,37,mid,Woman
face_age/014/4388.png,14,teen,Woman
face_age/016/1184.png,16,teen,Woman
face_age/017/3349.png,17,teen,Woman
face_age/049/5146.png,49,mature,Woman
face_age/004/4415.png,4,child,Woman
face_age/031/7445.png,31,mid,Woman
face_age/020/3364.png,20,youth,Woman
face_age/041/3502.png,41,mid,Woman
face_age/011/6019.png,11,child,Woman
face_age/014/4957.png,14,teen,Woman
face_age/030/1736.png,30,youth,Woman
face_age/020/1854.png,20,youth,Woman
face_age/073/1099.png,73,older,Woman
face_age/037/8340.png,37,mid,Woman
face_age/072/5494.png,72,older,Woman
face_age/006/9273.png,6,child,Woman
face_age/024/3060.png,24,youth,Woman
face_age/055/6481.png,55,mature,Woman
face_age/052/1785.png,52,mature,Woman
face_age/056/4000.png,56,mature,Woman
face_age/004/7503.png,4,child,Woman
face_age/011/4425.png,11,child,Woman
face_age/023/8871.png,23,youth,Woman
face_age/018/7188.png,18,teen,Woman
face_age/008/8080.png,8,child,Woman
face_age/042/3433.png,42,mid,Woman
face_age/021/9410.png,21,youth,Woman
face_age/067/479.png,67,older,Woman
face_age/022/3421.png,22,youth,Woman
face_age/006/5653.png,6,child,Woman
face_age/026/3588.png,26,youth,Woman
face_age/085/3822.png,85,older,Woman
face_age/028/9746.png,28,youth,Woman
face_age/006/9704.png,6,child,Woman
face_age/047/9679.png,47,mature,Woman
face_age/027/6937.png,27,youth,Woman
face_age/009/1769.png,9,child,Woman
face_age/055/8586.png,55,mature,Woman
face_age/080/5404.png,80,older,Woman
face_age/076/5489.png,76,older,Woman
face_age/025/6418.png,25,youth,Woman
face_age/028/7247.png,28,youth,Woman
face_age/025/3451.png,25,youth,Woman
face_age/025/1101.png,25,youth,Woman
face_age/061/2955.png,61,older,Woman
face_age/042/2013.png,42,mid,Woman
face_age/038/4683.png,38,mid,Woman
face_age/025/7191.png,25,youth,Woman
face_age/018/5859.png,18,teen,Woman
face_age/009/543.png,9,child,Woman
face_age/018/6830.png,18,teen,Woman
face_age/042/1100.png,42,mid,Woman
face_age/056/9403.png,56,mature,Woman
face_age/049/5317.png,49,mature,Woman
face_age/056/6572.png,56,mature,Woman
face_age/007/9120.png,7,child,Woman
face_age/066/5028.png,66,older,Woman
face_age/080/2685.png,80,older,Woman
face_age/024/2541.png,24,youth,Woman
face_age/025/1463.png,25,youth,Woman
face_age/066/4492.png,66,older,Woman
face_age/013/1285.png,13,teen,Woman
face_age/027/7638.png,27,youth,Woman
face_age/006/1502.png,6,child,Woman
face_age/013/1256.png,13,teen,Woman
face_age/004/1063.png,4,child,Woman
face_age/009/3264.png,9,child,Woman
face_age/025/6135.png,25,youth,Woman
face_age/025/8405.png,25,youth,Woman
face_age/035/7412.png,35,mid,Woman
face_age/020/7803.png,20,youth,Woman
face_age/060/7423.png,60,mature,Woman
face_age/007/9348.png,7,child,Woman
face_age/031/6081.png,31,mid,Woman
face_age/035/3863.png,35,mid,Woman
face_age/074/821.png,74,older,Woman
face_age/029/4310.png,29,youth,Woman
face_age/039/6266.png,39,mid,Woman
face_age/032/6869.png,32,mid,Woman
face_age/004/2002.png,4,child,Woman
face_age/053/225.png,53,mature,Woman
face_age/038/8811.png,38,mid,Woman
face_age/085/919.png,85,older,Woman
face_age/010/6907.png,10,child,Woman
face_age/053/7270.png,53,mature,Woman
face_age/018/8116.png,18,teen,Woman
face_age/008/9388.png,8,child,Woman
face_age/004/4884.png,4,child,Woman
face_age/005/3878.png,5,child,Woman
face_age/045/1434.png,45,mid,Woman
face_age/044/1746.png,44,mid,Woman
face_age/029/9565.png,29,youth,Woman
face_age/020/8210.png,20,youth,Woman
face_age/018/3019.png,18,teen,Woman
face_age/013/1369.png,13,teen,Woman
face_age/052/6339.png,52,mature,Woman
face_age/029/6020.png,29,youth,Woman
face_age/010/3515.png,10,child,Woman
face_age/026/4952.png,26,youth,Woman
face_age/044/3586.png,44,mid,Woman
face_age/058/2312.png,58,mature,Woman
face_age/040/9301.png,40,mid,Woman
face_age/017/1041.png,17,teen,Woman
face_age/057/2732.png,57,mature,Woman
face_age/057/7350.png,57,mature,Woman
face_age/034/4926.png,34,mid,Woman
face_age/049/5784.png,49,mature,Woman
face_age/075/556.png,75,older,Woman
face_age/005/8745.png,5,child,Woman
face_age/028/8460.png,28,youth,Woman
face_age/016/6883.png,16,teen,Woman
face_age/012/1114.png,12,child,Woman
face_age/016/3355.png,16,teen,Woman
face_age/015/8338.png,15,teen,Woman
face_age/010/2082.png,10,child,Woman
face_age/029/5672.png,29,youth,Woman
face_age/008/8218.png,8,child,Woman
face_age/024/2449.png,24,youth,Woman
face_age/018/390.png,18,teen,Woman
face_age/008/8097.png,8,child,Woman
face_age/024/6110.png,24,youth,Woman
face_age/010/7568.png,10,child,Woman
face_age/006/8897.png,6,child,Woman
face_age/066/7486.png,66,older,Woman
face_age/007/6186.png,7,child,Woman
face_age/010/2847.png,10,child,Woman
face_age/025/7428.png,25,youth,Woman
face_age/024/57.png,24,youth,Woman
face_age/014/5871.png,14,teen,Woman
face_age/008/8925.png,8,child,Woman
face_age/021/8999.png,21,youth,Woman
face_age/014/2030.png,14,teen,Woman
face_age/004/4542.png,4,child,Woman
face_age/076/6871.png,76,older,Woman
face_age/026/7560.png,26,youth,Woman
face_age/066/1153.png,66,older,Woman
face_age/066/9724.png,66,older,Woman
face_age/021/5466.png,21,youth,Woman
face_age/015/5427.png,15,teen,Woman
face_age/032/4331.png,32,mid,Woman
face_age/065/799.png,65,older,Woman
face_age/067/3642.png,67,older,Woman
face_age/040/3618.png,40,mid,Woman
face_age/065/5892.png,65,older,Woman
face_age/021/5656.png,21,youth,Woman
face_age/008/8328.png,8,child,Woman
face_age/004/4255.png,4,child,Woman
face_age/066/4523.png,66,older,Woman
face_age/015/5220.png,15,teen,Woman
face_age/022/376.png,22,youth,Woman
face_age/066/2136.png,66,older,Woman
face_age/026/8698.png,26,youth,Woman
face_age/050/8736.png,50,mature,Woman
face_age/038/432.png,38,mid,Woman
face_age/012/4835.png,12,child,Woman
face_age/024/496.png,24,youth,Woman
face_age/018/7446.png,18,teen,Woman
face_age/024/4547.png,24,youth,Woman
face_age/049/2759.png,49,mature,Woman
face_age/025/5526.png,25,youth,Woman
face_age/010/1978.png,10,child,Woman
face_age/013/8921.png,13,teen,Woman
face_age/014/1652.png,14,teen,Woman
face_age/009/3598.png,9,child,Woman
face_age/005/1079.png,5,child,Woman
face_age/010/5517.png,10,child,Woman
face_age/025/3126.png,25,youth,Woman
face_age/018/3000.png,18,teen,Woman
face_age/021/6637.png,21,youth,Woman
face_age/010/8916.png,10,child,Woman
face_age/026/6296.png,26,youth,Woman
face_age/034/7252.png,34,mid,Woman
face_age/025/4446.png,25,youth,Woman
face_age/021/8585.png,21,youth,Woman
face_age/030/5030.png,30,youth,Woman
face_age/028/5197.png,28,youth,Woman
face_age/004/5387.png,4,child,Woman
face_age/035/3003.png,35,mid,Woman
face_age/037/3441.png,37,mid,Woman
face_age/043/2998.png,43,mid,Woman
face_age/028/3456.png,28,youth,Woman
face_age/022/3701.png,22,youth,Woman
face_age/030/3827.png,30,youth,Woman
face_age/014/1326.png,14,teen,Woman
face_age/022/1840.png,22,youth,Woman
face_age/061/5398.png,61,older,Woman
face_age/023/7046.png,23,youth,Woman
face_age/033/7822.png,33,mid,Woman
face_age/028/6416.png,28,youth,Woman
face_age/025/6624.png,25,youth,Woman
face_age/028/1108.png,28,youth,Woman
face_age/072/5072.png,72,older,Woman
face_age/024/7411.png,24,youth,Woman
face_age/005/1983.png,5,child,Woman
face_age/018/3306.png,18,teen,Woman
face_age/056/7361.png,56,mature,Woman
face_age/030/4003.png,30,youth,Woman
face_age/026/9509.png,26,youth,Woman
face_age/027/7093.png,27,youth,Woman
face_age/050/571.png,50,mature,Woman
face_age/014/7987.png,14,teen,Woman
face_age/018/2008.png,18,teen,Woman
face_age/023/1902.png,23,youth,Woman
face_age/039/7828.png,39,mid,Woman
face_age/008/3578.png,8,child,Woman
face_age/022/2550.png,22,youth,Woman
face_age/060/3025.png,60,mature,Woman
face_age/020/8420.png,20,youth,Woman
face_age/054/5009.png,54,mature,Woman
face_age/066/2742.png,66,older,Woman
face_age/070/4141.png,70,older,Woman
face_age/049/4801.png,49,mature,Woman
face_age/052/1192.png,52,mature,Woman
face_age/053/467.png,53,mature,Woman
face_age/008/6226.png,8,child,Woman
face_age/029/6375.png,29,youth,Woman
face_age/030/3365.png,30,youth,Woman
face_age/005/1981.png,5,child,Woman
face_age/045/3423.png,45,mid,Woman
face_age/035/5016.png,35,mid,Woman
face_age/018/9006.png,18,teen,Woman
face_age/008/4445.png,8,child,Woman
face_age/060/3888.png,60,mature,Woman
face_age/014/6585.png,14,teen,Woman
face_age/024/9159.png,24,youth,Woman
face_age/028/738.png,28,youth,Woman
face_age/026/3864.png,26,youth,Woman
face_age/031/2702.png,31,mid,Woman
face_age/038/895.png,38,mid,Woman
face_age/049/4362.png,49,mature,Woman
face_age/009/9309.png,9,child,Woman
face_age/061/7442.png,61,older,Woman
face_age/033/5040.png,33,mid,Woman
face_age/026/5031.png,26,youth,Woman
face_age/036/8951.png,36,mid,Woman
face_age/005/6891.png,5,child,Woman
face_age/026/6485.png,26,youth,Woman
face_age/026/3077.png,26,youth,Woman
face_age/049/4584.png,49,mature,Woman
face_age/017/1528.png,17,teen,Woman
face_age/015/5855.png,15,teen,Woman
face_age/024/296.png,24,youth,Woman
face_age/023/8749.png,23,youth,Woman
face_age/018/5001.png,18,teen,Woman
face_age/015/7590.png,15,teen,Woman
face_age/013/9285.png,13,teen,Woman
face_age/012/512.png,12,child,Woman
face_age/034/7818.png,34,mid,Woman
face_age/041/910.png,41,mid,Woman
face_age/024/6422.png,24,youth,Woman
face_age/050/6196.png,50,mature,Woman
face_age/029/6203.png,29,youth,Woman
face_age/025/4447.png,25,youth,Woman
face_age/033/925.png,33,mid,Woman
face_age/060/2273.png,60,mature,Woman
face_age/056/5623.png,56,mature,Woman
face_age/016/1862.png,16,teen,Woman
face_age/026/7364.png,26,youth,Woman
face_age/026/4367.png,26,youth,Woman
face_age/021/4605.png,21,youth,Woman
face_age/008/2828.png,8,child,Woman
face_age/030/7778.png,30,youth,Woman
face_age/048/9033.png,48,mature,Woman
face_age/024/3048.png,24,youth,Woman
face_age/026/483.png,26,youth,Woman
face_age/020/7582.png,20,youth,Woman
face_age/029/4992.png,29,youth,Woman
face_age/037/4825.png,37,mid,Woman
face_age/020/5292.png,20,youth,Woman
face_age/053/6157.png,53,mature,Woman
face_age/035/8309.png,35,mid,Woman
face_age/073/3314.png,73,older,Woman
face_age/056/3527.png,56,mature,Woman
face_age/028/6451.png,28,youth,Woman
face_age/065/2716.png,65,older,Woman
face_age/023/6474.png,23,youth,Woman
face_age/065/4185.png,65,older,Woman
face_age/046/6306.png,46,mature,Woman
face_age/030/2613.png,30,youth,Woman
face_age/039/8879.png,39,mid,Woman
face_age/060/3227.png,60,mature,Woman
face_age/015/2267.png,15,teen,Woman
face_age/015/9067.png,15,teen,Woman
face_age/068/7766.png,68,older,Woman
face_age/026/7260.png,26,youth,Woman
face_age/052/2297.png,52,mature,Woman
face_age/034/6822.png,34,mid,Woman
face_age/004/4374.png,4,child,Woman
face_age/008/9564.png,8,child,Woman
face_age/008/2207.png,8,child,Woman
face_age/076/9046.png,76,older,Woman
face_age/041/8064.png,41,mid,Woman
face_age/078/4351.png,78,older,Woman
face_age/052/4648.png,52,mature,Woman
face_age/004/3465.png,4,child,Woman
face_age/018/6771.png,18,teen,Woman
face_age/051/7128.png,51,mature,Woman
face_age/066/5366.png,66,older,Woman
face_age/024/482.png,24,youth,Woman
face_age/080/8665.png,80,older,Woman
face_age/024/3449.png,24,youth,Woman
face_age/011/7596.png,11,child,Woman
face_age/067/8122.png,67,older,Woman
face_age/004/2917.png,4,child,Woman
face_age/022/8937.png,22,youth,Woman
face_age/053/6788.png,53,mature,Woman
face_age/073/8252.png,73,older,Woman
face_age/012/1163.png,12,child,Woman
face_age/018/937.png,18,teen,Woman
face_age/019/949.png,19,teen,Woman
face_age/015/4615.png,15,teen,Woman
face_age/053/5323.png,53,mature,Woman
face_age/022/6630.png,22,youth,Woman
face_age/008/2095.png,8,child,Woman
face_age/004/6494.png,4,child,Woman
face_age/024/3431.png,24,youth,Woman
face_age/046/3961.png,46,mature,Woman
face_age/059/7883.png,59,mature,Woman
face_age/019/399.png,19,teen,Woman
face_age/055/3017.png,55,mature,Woman
face_age/020/9669.png,20,youth,Woman
face_age/015/5422.png,15,teen,Woman
face_age/027/5705.png,27,youth,Woman
face_age/033/5182.png,33,mid,Woman
face_age/027/8522.png,27,youth,Woman
face_age/025/380.png,25,youth,Woman
face_age/058/3401.png,58,mature,Woman
face_age/029/5760.png,29,youth,Woman
face_age/025/7612.png,25,youth,Woman
face_age/022/9368.png,22,youth,Woman
face_age/058/737.png,58,mature,Woman
face_age/027/995.png,27,youth,Woman
face_age/015/5846.png,15,teen,Woman
face_age/036/8624.png,36,mid,Woman
face_age/059/4778.png,59,mature,Woman
face_age/040/3265.png,40,mid,Woman
face_age/077/1960.png,77,older,Woman
face_age/015/1470.png,15,teen,Woman
face_age/008/1473.png,8,child,Woman
face_age/019/1248.png,19,teen,Woman
face_age/084/7934.png,84,older,Woman
face_age/037/4795.png,37,mid,Woman
face_age/066/4684.png,66,older,Woman
face_age/008/7918.png,8,child,Woman
face_age/008/8260.png,8,child,Woman
face_age/069/783.png,69,older,Woman
face_age/026/9560.png,26,youth,Woman
face_age/035/5723.png,35,mid,Woman
face_age/008/4946.png,8,child,Woman
face_age/033/6493.png,33,mid,Woman
face_age/030/8209.png,30,youth,Woman
face_age/020/7541.png,20,youth,Woman
face_age/076/1674.png,76,older,Woman
face_age/066/7129.png,66,older,Woman
face_age/007/1936.png,7,child,Woman
face_age/009/6086.png,9,child,Woman
face_age/070/2695.png,70,older,Woman
face_age/060/6784.png,60,mature,Woman
face_age/029/2134.png,29,youth,Woman
face_age/061/1658.png,61,older,Woman
face_age/048/397.png,48,mature,Woman
face_age/026/2980.png,26,youth,Woman
face_age/085/9245.png,85,older,Woman
face_age/013/3121.png,13,teen,Woman
face_age/018/6286.png,18,teen,Woman
face_age/010/8549.png,10,child,Woman
face_age/039/4681.png,39,mid,Woman
face_age/025/4763.png,25,youth,Woman
face_age/022/5026.png,22,youth,Woman
face_age/023/8222.png,23,youth,Woman
face_age/024/1560.png,24,youth,Woman
face_age/060/4955.png,60,mature,Woman
face_age/046/65.png,46,mature,Woman
face_age/023/1273.png,23,youth,Woman
face_age/085/5455.png,85,older,Woman
face_age/024/5666.png,24,youth,Woman
face_age/016/596.png,16,teen,Woman
face_age/039/3567.png,39,mid,Woman
face_age/032/2375.png,32,mid,Woman
face_age/072/4176.png,72,older,Woman
face_age/018/2223.png,18,teen,Woman
face_age/066/4221.png,66,older,Woman
face_age/066/972.png,66,older,Woman
face_age/090/8558.png,90,older,Woman
face_age/021/8242.png,21,youth,Woman
face_age/066/416.png,66,older,Woman
face_age/050/3671.png,50,mature,Woman
face_age/057/2412.png,57,mature,Woman
face_age/024/7342.png,24,youth,Woman
face_age/010/8062.png,10,child,Woman
face_age/012/7885.png,12,child,Woman
face_age/054/160.png,54,mature,Woman
face_age/010/6192.png,10,child,Woman
face_age/030/4111.png,30,youth,Woman
face_age/028/4402.png,28,youth,Woman
face_age/015/1078.png,15,teen,Woman
face_age/060/5866.png,60,mature,Woman
face_age/016/9733.png,16,teen,Woman
face_age/053/3153.png,53,mature,Woman
face_age/018/6626.png,18,teen,Woman
face_age/025/711.png,25,youth,Woman
face_age/030/5557.png,30,youth,Woman
face_age/006/3454.png,6,child,Woman
face_age/056/5304.png,56,mature,Woman
face_age/053/361.png,53,mature,Woman
face_age/018/9294.png,18,teen,Woman
face_age/062/9338.png,62,older,Woman
face_age/010/7523.png,10,child,Woman
face_age/032/8113.png,32,mid,Woman
face_age/006/2737.png,6,child,Woman
face_age/021/1508.png,21,youth,Woman
face_age/015/7433.png,15,teen,Woman
face_age/057/6759.png,57,mature,Woman
face_age/018/1269.png,18,teen,Woman
face_age/047/9316.png,47,mature,Woman
face_age/059/5600.png,59,mature,Woman
face_age/079/871.png,79,older,Woman
face_age/024/1412.png,24,youth,Woman
face_age/029/3381.png,29,youth,Woman
face_age/008/3269.png,8,child,Woman
face_age/065/2029.png,65,older,Woman
face_age/031/8013.png,31,mid,Woman
face_age/025/4306.png,25,youth,Woman
face_age/039/1400.png,39,mid,Woman
face_age/009/144.png,9,child,Woman
face_age/010/6079.png,10,child,Woman
face_age/009/3723.png,9,child,Woman
face_age/035/3820.png,35,mid,Woman
face_age/025/7707.png,25,youth,Woman
face_age/018/709.png,18,teen,Woman
face_age/035/5825.png,35,mid,Woman
face_age/004/2765.png,4,child,Woman
face_age/004/5703.png,4,child,Woman
face_age/020/1175.png,20,youth,Woman
face_age/067/9700.png,67,older,Woman
face_age/021/6509.png,21,youth,Woman
face_age/029/845.png,29,youth,Woman
face_age/028/5695.png,28,youth,Woman
face_age/017/3010.png,17,teen,Woman
face_age/024/4344.png,24,youth,Woman
face_age/034/3651.png,34,mid,Woman
face_age/060/418.png,60,mature,Woman
face_age/026/6035.png,26,youth,Woman
face_age/024/7165.png,24,youth,Woman
face_age/036/9318.png,36,mid,Woman
face_age/023/162.png,23,youth,Woman
face_age/022/4694.png,22,youth,Woman
face_age/008/3627.png,8,child,Woman
face_age/028/2043.png,28,youth,Woman
face_age/023/298.png,23,youth,Woman
face_age/026/4471.png,26,youth,Woman
face_age/024/3261.png,24,youth,Woman
face_age/032/8483.png,32,mid,Woman
face_age/022/4181.png,22,youth,Woman
face_age/080/2758.png,80,older,Woman
face_age/007/7011.png,7,child,Woman
face_age/015/551.png,15,teen,Woman
face_age/059/2006.png,59,mature,Woman
face_age/021/8251.png,21,youth,Woman
face_age/036/6371.png,36,mid,Woman
face_age/031/6268.png,31,mid,Woman
face_age/028/5521.png,28,youth,Woman
face_age/030/3916.png,30,youth,Woman
face_age/008/7138.png,8,child,Woman
face_age/033/2033.png,33,mid,Woman
face_age/023/6213.png,23,youth,Woman
face_age/041/5962.png,41,mid,Woman
face_age/046/5611.png,46,mature,Woman
face_age/032/6063.png,32,mid,Woman
face_age/071/942.png,71,older,Woman
face_age/029/8169.png,29,youth,Woman
face_age/047/7391.png,47,mature,Woman
face_age/026/4682.png,26,youth,Woman
face_age/016/9138.png,16,teen,Woman
face_age/049/6913.png,49,mature,Woman
face_age/049/4247.png,49,mature,Woman
face_age/029/6056.png,29,youth,Woman
face_age/007/5540.png,7,child,Woman
face_age/018/6336.png,18,teen,Woman
face_age/043/8773.png,43,mid,Woman
face_age/010/582.png,10,child,Woman
face_age/013/7115.png,13,teen,Woman
face_age/062/9434.png,62,older,Woman
face_age/016/4607.png,16,teen,Woman
face_age/048/7259.png,48,mature,Woman
face_age/005/8553.png,5,child,Woman
face_age/021/9417.png,21,youth,Woman
face_age/004/7911.png,4,child,Woman
face_age/030/2750.png,30,youth,Woman
face_age/037/2544.png,37,mid,Woman
face_age/076/5586.png,76,older,Woman
face_age/074/5787.png,74,older,Woman
face_age/032/6109.png,32,mid,Woman
face_age/053/2610.png,53,mature,Woman
face_age/023/2482.png,23,youth,Woman
face_age/012/2968.png,12,child,Woman
face_age/026/8333.png,26,youth,Woman
face_age/049/9143.png,49,mature,Woman
face_age/027/7084.png,27,youth,Woman
face_age/031/1941.png,31,mid,Woman
face_age/046/8622.png,46,mature,Woman
face_age/025/7553.png,25,youth,Woman
face_age/022/1924.png,22,youth,Woman
face_age/064/7079.png,64,older,Woman
face_age/020/3569.png,20,youth,Woman
face_age/068/2454.png,68,older,Woman
face_age/032/407.png,32,mid,Woman
face_age/030/7474.png,30,youth,Woman
face_age/025/4779.png,25,youth,Woman
face_age/014/6158.png,14,teen,Woman
face_age/005/1125.png,5,child,Woman
face_age/025/3136.png,25,youth,Woman
face_age/018/5247.png,18,teen,Woman
face_age/004/6163.png,4,child,Woman
face_age/055/9036.png,55,mature,Woman
face_age/026/6797.png,26,youth,Woman
face_age/005/8604.png,5,child,Woman
face_age/004/1913.png,4,child,Woman
face_age/015/6607.png,15,teen,Woman
face_age/085/3198.png,85,older,Woman
face_age/029/7887.png,29,youth,Woman
face_age/018/3351.png,18,teen,Woman
face_age/035/4571.png,35,mid,Woman
face_age/086/5807.png,86,older,Woman
face_age/026/7715.png,26,youth,Woman
face_age/026/7301.png,26,youth,Woman
face_age/021/4623.png,21,youth,Woman
face_age/004/7791.png,4,child,Woman
face_age/045/8266.png,45,mid,Woman
face_age/026/3374.png,26,youth,Woman
face_age/047/477.png,47,mature,Woman
face_age/050/3792.png,50,mature,Woman
face_age/042/4612.png,42,mid,Woman
face_age/060/4034.png,60,mature,Woman
face_age/009/7460.png,9,child,Woman
face_age/047/4325.png,47,mature,Woman
face_age/006/1482.png,6,child,Woman
face_age/019/1057.png,19,teen,Woman
face_age/026/6777.png,26,youth,Woman
face_age/068/93.png,68,older,Woman
face_age/005/5192.png,5,child,Woman
face_age/008/2640.png,8,child,Woman
face_age/071/7267.png,71,older,Woman
face_age/009/1323.png,9,child,Woman
face_age/069/9736.png,69,older,Woman
face_age/026/2251.png,26,youth,Woman
face_age/025/1370.png,25,youth,Woman
face_age/007/9017.png,7,child,Woman
face_age/008/3313.png,8,child,Woman
face_age/006/9409.png,6,child,Woman
face_age/026/4625.png,26,youth,Woman
face_age/060/1932.png,60,mature,Woman
face_age/051/3542.png,51,mature,Woman
face_age/036/473.png,36,mid,Woman
face_age/011/957.png,11,child,Woman
face_age/068/3289.png,68,older,Woman
face_age/008/5224.png,8,child,Woman
face_age/031/3732.png,31,mid,Woman
face_age/054/2754.png,54,mature,Woman
face_age/015/1958.png,15,teen,Woman
face_age/016/2204.png,16,teen,Woman
face_age/024/8578.png,24,youth,Woman
face_age/017/2876.png,17,teen,Woman
face_age/080/3117.png,80,older,Woman
face_age/026/649.png,26,youth,Woman
face_age/029/6111.png,29,youth,Woman
face_age/024/5920.png,24,youth,Woman
face_age/080/2406.png,80,older,Woman
face_age/012/1569.png,12,child,Woman
face_age/020/2048.png,20,youth,Woman
face_age/020/772.png,20,youth,Woman
face_age/018/4435.png,18,teen,Woman
face_age/023/354.png,23,youth,Woman
face_age/018/6795.png,18,teen,Woman
face_age/027/1701.png,27,youth,Woman
face_age/025/1974.png,25,youth,Woman
face_age/028/6545.png,28,youth,Woman
face_age/064/9670.png,64,older,Woman
face_age/028/5599.png,28,youth,Woman
face_age/070/3299.png,70,older,Woman
face_age/015/4346.png,15,teen,Woman
face_age/038/9347.png,38,mid,Woman
face_age/063/5336.png,63,older,Woman
face_age/075/9752.png,75,older,Woman
face_age/027/6381.png,27,youth,Woman
face_age/050/5290.png,50,mature,Woman
face_age/021/6640.png,21,youth,Woman
face_age/005/9554.png,5,child,Woman
face_age/016/7685.png,16,teen,Woman
face_age/032/9550.png,32,mid,Woman
face_age/069/5358.png,69,older,Woman
face_age/021/9478.png,21,youth,Woman
face_age/065/4872.png,65,older,Woman
face_age/004/1112.png,4,child,Woman
face_age/013/4454.png,13,teen,Woman
face_age/016/9066.png,16,teen,Woman
face_age/025/5053.png,25,youth,Woman
face_age/028/7158.png,28,youth,Woman
face_age/012/1312.png,12,child,Woman
face_age/024/7190.png,24,youth,Woman
face_age/019/769.png,19,teen,Woman
face_age/021/4204.png,21,youth,Woman
face_age/023/424.png,23,youth,Woman
face_age/026/8969.png,26,youth,Woman
face_age/046/8264.png,46,mature,Woman
face_age/022/9.png,22,youth,Woman
face_age/005/4094.png,5,child,Woman
face_age/056/4147.png,56,mature,Woman
face_age/026/1375.png,26,youth,Woman
face_age/004/3755.png,4,child,Woman
face_age/025/3591.png,25,youth,Woman
face_age/016/5610.png,16,teen,Woman
face_age/021/6449.png,21,youth,Woman
face_age/015/1512.png,15,teen,Woman
face_age/038/7720.png,38,mid,Woman
face_age/029/2466.png,29,youth,Woman
face_age/033/8941.png,33,mid,Woman
face_age/015/6488.png,15,teen,Woman
face_age/025/282.png,25,youth,Woman
face_age/072/2362.png,72,older,Woman
face_age/039/7775.png,39,mid,Woman
face_age/023/6663.png,23,youth,Woman
face_age/014/4821.png,14,teen,Woman
face_age/005/7977.png,5,child,Woman
face_age/010/9496.png,10,child,Woman
face_age/014/9412.png,14,teen,Woman
face_age/004/900.png,4,child,Woman
face_age/014/6773.png,14,teen,Woman
face_age/010/1279.png,10,child,Woman
face_age/036/1056.png,36,mid,Woman
face_age/008/804.png,8,child,Woman
face_age/060/4539.png,60,mature,Woman
face_age/024/677.png,24,youth,Woman
face_age/060/2012.png,60,mature,Woman
face_age/008/2218.png,8,child,Woman
face_age/008/1325.png,8,child,Woman
face_age/017/7450.png,17,teen,Woman
face_age/017/8206.png,17,teen,Woman
face_age/004/1956.png,4,child,Woman
face_age/021/8818.png,21,youth,Woman
face_age/026/2894.png,26,youth,Woman
face_age/011/1679.png,11,child,Woman
face_age/026/2239.png,26,youth,Woman
face_age/034/9633.png,34,mid,Woman
face_age/026/4768.png,26,youth,Woman
face_age/053/2788.png,53,mature,Woman
face_age/009/2724.png,9,child,Woman
face_age/051/4394.png,51,mature,Woman
face_age/072/4423.png,72,older,Woman
face_age/021/2591.png,21,youth,Woman
face_age/006/530.png,6,child,Woman
face_age/021/374.png,21,youth,Woman
face_age/009/8447.png,9,child,Woman
face_age/031/1841.png,31,mid,Woman
face_age/065/4540.png,65,older,Woman
face_age/038/8911.png,38,mid,Woman
face_age/053/6667.png,53,mature,Woman
face_age/007/3452.png,7,child,Woman
face_age/025/6652.png,25,youth,Woman
face_age/010/7652.png,10,child,Woman
face_age/017/7755.png,17,teen,Woman
face_age/045/5480.png,45,mid,Woman
face_age/054/7981.png,54,mature,Woman
face_age/038/9199.png,38,mid,Woman
face_age/030/6159.png,30,youth,Woman
face_age/024/7600.png,24,youth,Woman
face_age/029/5664.png,29,youth,Woman
face_age/059/6340.png,59,mature,Woman
face_age/013/1849.png,13,teen,Woman
face_age/024/7511.png,24,youth,Woman
face_age/071/6105.png,71,older,Woman
face_age/051/447.png,51,mature,Woman
face_age/029/9518.png,29,youth,Woman
face_age/052/8117.png,52,mature,Woman
face_age/080/4845.png,80,older,Woman
face_age/027/9337.png,27,youth,Woman
face_age/036/5850.png,36,mid,Woman
face_age/024/7558.png,24,youth,Woman
face_age/012/8506.png,12,child,Woman
face_age/067/1636.png,67,older,Woman
face_age/022/9476.png,22,youth,Woman
face_age/011/1069.png,11,child,Woman
face_age/024/7691.png,24,youth,Woman
face_age/047/271.png,47,mature,Woman
face_age/023/4679.png,23,youth,Woman
face_age/018/9114.png,18,teen,Woman
face_age/025/192.png,25,youth,Woman
face_age/010/3342.png,10,child,Woman
face_age/052/9513.png,52,mature,Woman
face_age/025/4224.png,25,youth,Woman
face_age/022/1152.png,22,youth,Woman
face_age/031/4048.png,31,mid,Woman
face_age/009/7098.png,9,child,Woman
face_age/011/9516.png,11,child,Woman
face_age/024/9166.png,24,youth,Woman
face_age/025/1813.png,25,youth,Woman
face_age/021/5284.png,21,youth,Woman
face_age/010/6927.png,10,child,Woman
face_age/024/6469.png,24,youth,Woman
face_age/018/8998.png,18,teen,Woman
face_age/010/6039.png,10,child,Woman
face_age/035/1761.png,35,mid,Woman
face_age/055/3713.png,55,mature,Woman
face_age/025/3877.png,25,youth,Woman
face_age/063/6184.png,63,older,Woman
face_age/018/7983.png,18,teen,Woman
face_age/009/7359.png,9,child,Woman
face_age/023/4236.png,23,youth,Woman
face_age/085/7294.png,85,older,Woman
face_age/038/2182.png,38,mid,Woman
face_age/071/8394.png,71,older,Woman
face_age/046/3073.png,46,mature,Woman
face_age/016/7283.png,16,teen,Woman
face_age/011/1064.png,11,child,Woman
face_age/009/3540.png,9,child,Woman
face_age/053/5972.png,53,mature,Woman
face_age/065/8581.png,65,older,Woman
face_age/056/9534.png,56,mature,Woman
face_age/019/2722.png,19,teen,Woman
face_age/052/1459.png,52,mature,Woman
face_age/033/3211.png,33,mid,Woman
face_age/013/7838.png,13,teen,Woman
face_age/045/9034.png,45,mid,Woman
face_age/069/3523.png,69,older,Woman
face_age/060/2079.png,60,mature,Woman
face_age/008/2559.png,8,child,Woman
face_age/029/7730.png,29,youth,Woman
face_age/080/8005.png,80,older,Woman
face_age/014/5739.png,14,teen,Woman
face_age/005/5647.png,5,child,Woman
face_age/042/3806.png,42,mid,Woman
face_age/026/7379.png,26,youth,Woman
face_age/017/6922.png,17,teen,Woman
face_age/048/3868.png,48,mature,Woman
face_age/009/9165.png,9,child,Woman
face_age/023/8456.png,23,youth,Woman
face_age/049/9667.png,49,mature,Woman
face_age/088/6999.png,88,older,Woman
face_age/080/2139.png,80,older,Woman
face_age/018/4098.png,18,teen,Woman
face_age/060/3277.png,60,mature,Woman
face_age/040/8854.png,40,mid,Woman
face_age/026/2140.png,26,youth,Woman
face_age/030/777.png,30,youth,Woman
face_age/018/1725.png,18,teen,Woman
face_age/021/746.png,21,youth,Woman
face_age/006/2519.png,6,child,Woman
face_age/024/5506.png,24,youth,Woman
face_age/012/4711.png,12,child,Woman
face_age/021/946.png,21,youth,Woman
face_age/024/7520.png,24,youth,Woman
face_age/049/5219.png,49,mature,Woman
face_age/008/6645.png,8,child,Woman
face_age/029/9170.png,29,youth,Woman
face_age/015/55.png,15,teen,Woman
face_age/029/526.png,29,youth,Woman
face_age/021/6147.png,21,youth,Woman
face_age/015/6463.png,15,teen,Woman
face_age/009/9421.png,9,child,Woman
face_age/055/9355.png,55,mature,Woman
face_age/046/4555.png,46,mature,Woman
face_age/007/6332.png,7,child,Woman
face_age/007/849.png,7,child,Woman
face_age/018/1808.png,18,teen,Woman
face_age/021/2863.png,21,youth,Woman
face_age/015/2479.png,15,teen,Woman
face_age/060/4910.png,60,mature,Woman
face_age/053/3226.png,53,mature,Woman
face_age/024/1394.png,24,youth,Woman
face_age/004/531.png,4,child,Woman
face_age/014/8954.png,14,teen,Woman
face_age/063/7230.png,63,older,Woman
face_age/008/6852.png,8,child,Woman
face_age/006/9015.png,6,child,Woman
face_age/005/9442.png,5,child,Woman
face_age/010/3518.png,10,child,Woman
face_age/062/5458.png,62,older,Woman
face_age/085/5864.png,85,older,Woman
face_age/004/3049.png,4,child,Woman
face_age/041/921.png,41,mid,Woman
face_age/015/4092.png,15,teen,Woman
face_age/009/5876.png,9,child,Woman
face_age/004/8366.png,4,child,Woman
face_age/080/2895.png,80,older,Woman
face_age/008/2446.png,8,child,Woman
face_age/024/7066.png,24,youth,Woman
face_age/056/5565.png,56,mature,Woman
face_age/016/7701.png,16,teen,Woman
face_age/027/164.png,27,youth,Woman
face_age/026/1759.png,26,youth,Woman
face_age/019/1880.png,19,teen,Woman
face_age/006/3985.png,6,child,Woman
face_age/036/8056.png,36,mid,Woman
face_age/014/506.png,14,teen,Woman
face_age/025/727.png,25,youth,Woman
face_age/070/4570.png,70,older,Woman
face_age/062/4077.png,62,older,Woman
face_age/066/119.png,66,older,Woman
face_age/005/8065.png,5,child,Woman
face_age/010/220.png,10,child,Woman
face_age/066/6212.png,66,older,Woman
face_age/029/1242.png,29,youth,Woman
face_age/005/723.png,5,child,Woman
face_age/005/9423.png,5,child,Woman
face_age/008/9073.png,8,child,Woman
face_age/028/6567.png,28,youth,Woman
face_age/021/8477.png,21,youth,Woman
face_age/052/3913.png,52,mature,Woman
face_age/067/6369.png,67,older,Woman
face_age/023/9571.png,23,youth,Woman
face_age/006/7821.png,6,child,Woman
face_age/006/2714.png,6,child,Woman
face_age/062/3141.png,62,older,Woman
face_age/014/6781.png,14,teen,Woman
face_age/029/7969.png,29,youth,Woman
face_age/006/3823.png,6,child,Woman
face_age/086/2065.png,86,older,Woman
face_age/012/5139.png,12,child,Woman
face_age/033/4229.png,33,mid,Woman
face_age/018/7951.png,18,teen,Woman
face_age/072/4697.png,72,older,Woman
face_age/028/9107.png,28,youth,Woman
face_age/032/9426.png,32,mid,Woman
face_age/037/8362.png,37,mid,Woman
face_age/004/5748.png,4,child,Woman
face_age/065/0.png,65,older,Woman
face_age/054/3295.png,54,mature,Woman
face_age/005/1287.png,5,child,Woman
face_age/020/238.png,20,youth,Woman
face_age/059/244.png,59,mature,Woman
face_age/015/4815.png,15,teen,Woman
face_age/015/1738.png,15,teen,Woman
face_age/034/608.png,34,mid,Woman
face_age/008/951.png,8,child,Woman
face_age/080/4237.png,80,older,Woman
face_age/063/4449.png,63,older,Woman
face_age/022/1585.png,22,youth,Woman
face_age/037/1129.png,37,mid,Woman
face_age/021/3510.png,21,youth,Woman
face_age/030/4179.png,30,youth,Woman
face_age/056/8662.png,56,mature,Woman
face_age/064/8232.png,64,older,Woman
face_age/026/2017.png,26,youth,Woman
face_age/013/3602.png,13,teen,Woman
face_age/008/6.png,8,child,Woman
face_age/045/7941.png,45,mid,Woman
face_age/032/2684.png,32,mid,Woman
face_age/025/9538.png,25,youth,Woman
face_age/089/2372.png,89,older,Woman
face_age/004/2371.png,4,child,Woman
face_age/028/7378.png,28,youth,Woman
face_age/012/9475.png,12,child,Woman
face_age/034/388.png,34,mid,Woman
face_age/031/3925.png,31,mid,Woman
face_age/007/3530.png,7,child,Woman
face_age/005/9244.png,5,child,Woman
face_age/060/4380.png,60,mature,Woman
face_age/032/128.png,32,mid,Woman
face_age/016/4959.png,16,teen,Woman
face_age/023/5098.png,23,youth,Woman
face_age/085/116.png,85,older,Woman
face_age/008/589.png,8,child,Woman
face_age/006/1049.png,6,child,Woman
face_age/050/4654.png,50,mature,Woman
face_age/057/3181.png,57,mature,Woman
face_age/007/6207.png,7,child,Woman
face_age/026/3196.png,26,youth,Woman
face_age/027/1921.png,27,youth,Woman
face_age/004/9072.png,4,child,Woman
face_age/012/9148.png,12,child,Woman
face_age/024/5445.png,24,youth,Woman
face_age/028/4438.png,28,youth,Woman
face_age/022/5838.png,22,youth,Woman
face_age/029/7594.png,29,youth,Woman
face_age/075/3425.png,75,older,Woman
face_age/028/3218.png,28,youth,Woman
face_age/013/3321.png,13,teen,Woman
face_age/004/7023.png,4,child,Woman
face_age/055/4431.png,55,mature,Woman
face_age/032/6726.png,32,mid,Woman
face_age/035/5300.png,35,mid,Woman
face_age/027/4583.png,27,youth,Woman
face_age/028/4501.png,28,youth,Woman
face_age/032/3152.png,32,mid,Woman
face_age/008/2641.png,8,child,Woman
face_age/085/3729.png,85,older,Woman
face_age/030/1773.png,30,youth,Woman
face_age/031/3253.png,31,mid,Woman
face_age/066/1997.png,66,older,Woman
face_age/032/7374.png,32,mid,Woman
face_age/038/171.png,38,mid,Woman
face_age/044/1767.png,44,mid,Woman
face_age/063/20.png,63,older,Woman
face_age/017/2862.png,17,teen,Woman
face_age/077/7884.png,77,older,Woman
face_age/038/6395.png,38,mid,Woman
face_age/016/2296.png,16,teen,Woman
face_age/065/6484.png,65,older,Woman
face_age/028/9765.png,28,youth,Woman
face_age/017/6438.png,17,teen,Woman
face_age/032/2373.png,32,mid,Woman
face_age/061/7234.png,61,older,Woman
face_age/049/7988.png,49,mature,Woman
face_age/065/4834.png,65,older,Woman
face_age/026/8659.png,26,youth,Woman
face_age/021/2919.png,21,youth,Woman
face_age/030/4096.png,30,youth,Woman
face_age/025/5452.png,25,youth,Woman
face_age/056/5070.png,56,mature,Woman
face_age/028/2354.png,28,youth,Woman
face_age/008/4564.png,8,child,Woman
face_age/031/3761.png,31,mid,Woman
face_age/053/5812.png,53,mature,Woman
face_age/050/2949.png,50,mature,Woman
face_age/032/3084.png,32,mid,Woman
face_age/032/4242.png,32,mid,Woman
face_age/070/5702.png,70,older,Woman
face_age/060/4525.png,60,mature,Woman
face_age/007/1526.png,7,child,Woman
face_age/072/9032.png,72,older,Woman
face_age/079/3417.png,79,older,Woman
face_age/052/2812.png,52,mature,Woman
face_age/023/3186.png,23,youth,Woman
face_age/073/9420.png,73,older,Woman
face_age/010/143.png,10,child,Woman
face_age/007/663.png,7,child,Woman
face_age/062/3736.png,62,older,Woman
face_age/029/5668.png,29,youth,Woman
face_age/007/7065.png,7,child,Woman
face_age/024/5753.png,24,youth,Woman
face_age/007/6029.png,7,child,Woman
face_age/029/3406.png,29,youth,Woman
face_age/050/5982.png,50,mature,Woman
face_age/031/6235.png,31,mid,Woman
face_age/024/7036.png,24,youth,Woman
face_age/056/3690.png,56,mature,Woman
face_age/024/3507.png,24,youth,Woman
face_age/007/1173.png,7,child,Woman
face_age/006/346.png,6,child,Woman
face_age/023/4164.png,23,youth,Woman
face_age/005/1931.png,5,child,Woman
face_age/069/4775.png,69,older,Woman
face_age/021/2481.png,21,youth,Woman
face_age/014/8324.png,14,teen,Woman
face_age/040/5006.png,40,mid,Woman
face_age/046/7986.png,46,mature,Woman
face_age/021/9606.png,21,youth,Woman
face_age/026/9748.png,26,youth,Woman
face_age/025/7567.png,25,youth,Woman
face_age/072/3200.png,72,older,Woman
face_age/022/9229.png,22,youth,Woman
face_age/019/9711.png,19,teen,Woman
face_age/008/9083.png,8,child,Woman
face_age/014/1817.png,14,teen,Woman
face_age/018/6164.png,18,teen,Woman
face_age/040/3712.png,40,mid,Woman
face_age/025/5245.png,25,youth,Woman
face_age/066/113.png,66,older,Woman
face_age/054/4469.png,54,mature,Woman
face_age/034/6603.png,34,mid,Woman
face_age/031/7890.png,31,mid,Woman
face_age/016/5512.png,16,teen,Woman
face_age/046/5088.png,46,mature,Woman
face_age/056/6541.png,56,mature,Woman
face_age/005/2850.png,5,child,Woman
face_age/026/95.png,26,youth,Woman
face_age/051/7327.png,51,mature,Woman
face_age/028/464.png,28,youth,Woman
face_age/036/7422.png,36,mid,Woman
face_age/032/4703.png,32,mid,Woman
face_age/030/32.png,30,youth,Woman
face_age/005/8672.png,5,child,Woman
face_age/033/6719.png,33,mid,Woman
face_age/062/3867.png,62,older,Woman
face_age/023/1687.png,23,youth,Woman
face_age/080/9235.png,80,older,Woman
face_age/017/6439.png,17,teen,Woman
face_age/068/1222.png,68,older,Woman
face_age/024/6337.png,24,youth,Woman
face_age/017/814.png,17,teen,Woman
face_age/022/1591.png,22,youth,Woman
face_age/017/4818.png,17,teen,Woman
face_age/060/585.png,60,mature,Woman
face_age/023/3973.png,23,youth,Woman
face_age/016/9458.png,16,teen,Woman
face_age/042/8285.png,42,mid,Woman
face_age/030/6527.png,30,youth,Woman
face_age/066/8378.png,66,older,Woman
face_age/026/2249.png,26,youth,Woman
face_age/023/6098.png,23,youth,Woman
face_age/024/7366.png,24,youth,Woman
face_age/029/4954.png,29,youth,Woman
face_age/054/652.png,54,mature,Woman
face_age/016/8163.png,16,teen,Woman
face_age/039/6476.png,39,mid,Woman
face_age/009/4592.png,9,child,Woman
face_age/031/4400.png,31,mid,Woman
face_age/009/1793.png,9,child,Woman
face_age/028/929.png,28,youth,Woman
face_age/013/4671.png,13,teen,Woman
face_age/072/4041.png,72,older,Woman
face_age/053/3294.png,53,mature,Woman
face_age/056/6104.png,56,mature,Woman
face_age/053/2078.png,53,mature,Woman
face_age/027/2418.png,27,youth,Woman
face_age/048/6760.png,48,mature,Woman
face_age/007/3541.png,7,child,Woman
face_age/080/6517.png,80,older,Woman
face_age/069/4006.png,69,older,Woman
face_age/023/9141.png,23,youth,Woman
face_age/032/1857.png,32,mid,Woman
face_age/013/1599.png,13,teen,Woman
face_age/063/1581.png,63,older,Woman
face_age/011/7505.png,11,child,Woman
face_age/014/2543.png,14,teen,Woman
face_age/004/9608.png,4,child,Woman
face_age/009/6345.png,9,child,Woman
face_age/004/8130.png,4,child,Woman
face_age/036/1781.png,36,mid,Woman
face_age/027/4573.png,27,youth,Woman
face_age/029/9043.png,29,youth,Woman
face_age/054/7336.png,54,mature,Woman
face_age/012/2947.png,12,child,Woman
face_age/026/4290.png,26,youth,Woman
face_age/020/6890.png,20,youth,Woman
face_age/005/6615.png,5,child,Woman
face_age/024/2729.png,24,youth,Woman
face_age/016/3197.png,16,teen,Woman
face_age/057/6802.png,57,mature,Woman
face_age/033/1494.png,33,mid,Woman
face_age/005/9059.png,5,child,Woman
face_age/031/1999.png,31,mid,Woman
face_age/004/6291.png,4,child,Woman
face_age/010/3243.png,10,child,Woman
face_age/026/8303.png,26,youth,Woman
face_age/031/4178.png,31,mid,Woman
face_age/080/7526.png,80,older,Woman
face_age/069/5301.png,69,older,Woman
face_age/056/8763.png,56,mature,Woman
face_age/037/8828.png,37,mid,Woman
face_age/027/1176.png,27,youth,Woman
face_age/006/8146.png,6,child,Woman
face_age/012/2201.png,12,child,Woman
face_age/006/9169.png,6,child,Woman
face_age/028/8167.png,28,youth,Woman
face_age/040/813.png,40,mid,Woman
face_age/007/4755.png,7,child,Woman
face_age/004/7780.png,4,child,Woman
face_age/075/6523.png,75,older,Woman
face_age/018/3475.png,18,teen,Woman
face_age/030/5492.png,30,youth,Woman
face_age/052/3664.png,52,mature,Woman
face_age/015/3212.png,15,teen,Woman
face_age/019/7693.png,19,teen,Woman
face_age/039/8948.png,39,mid,Woman
face_age/072/5657.png,72,older,Woman
face_age/010/5510.png,10,child,Woman
face_age/027/9525.png,27,youth,Woman
face_age/052/6552.png,52,mature,Woman
face_age/073/2023.png,73,older,Woman
face_age/080/7123.png,80,older,Woman
face_age/072/7263.png,72,older,Woman
face_age/086/1119.png,86,older,Woman
face_age/046/281.png,46,mature,Woman
face_age/068/8939.png,68,older,Woman
face_age/032/4371.png,32,mid,Woman
face_age/056/2723.png,56,mature,Woman
face_age/028/7211.png,28,youth,Woman
face_age/018/1970.png,18,teen,Woman
face_age/060/8737.png,60,mature,Woman
face_age/033/2343.png,33,mid,Woman
face_age/026/1656.png,26,youth,Woman
face_age/020/6539.png,20,youth,Woman
face_age/027/2198.png,27,youth,Woman
face_age/019/1495.png,19,teen,Woman
face_age/035/1181.png,35,mid,Woman
face_age/028/5002.png,28,youth,Woman
face_age/006/4292.png,6,child,Woman
face_age/056/67.png,56,mature,Woman
face_age/050/617.png,50,mature,Woman
face_age/034/6888.png,34,mid,Woman
face_age/031/8488.png,31,mid,Woman
face_age/025/4157.png,25,youth,Woman
face_age/021/5046.png,21,youth,Woman
face_age/050/4995.png,50,mature,Woman
face_age/023/4981.png,23,youth,Woman
face_age/053/2471.png,53,mature,Woman
face_age/026/6813.png,26,youth,Woman
face_age/008/6276.png,8,child,Woman
face_age/040/8183.png,40,mid,Woman
face_age/048/1680.png,48,mature,Woman
face_age/015/2600.png,15,teen,Woman
face_age/016/5468.png,16,teen,Woman
face_age/042/7071.png,42,mid,Woman
face_age/013/3625.png,13,teen,Woman
face_age/072/8256.png,72,older,Woman
face_age/014/977.png,14,teen,Woman
face_age/017/952.png,17,teen,Woman
face_age/033/3058.png,33,mid,Woman
face_age/066/8993.png,66,older,Woman
face_age/009/4735.png,9,child,Woman
face_age/007/4661.png,7,child,Woman
face_age/037/5763.png,37,mid,Woman
face_age/032/1837.png,32,mid,Woman
face_age/014/3525.png,14,teen,Woman
face_age/022/522.png,22,youth,Woman
face_age/021/3772.png,21,youth,Woman
face_age/024/5014.png,24,youth,Woman
face_age/040/2985.png,40,mid,Woman
face_age/069/2305.png,69,older,Woman
face_age/044/5809.png,44,mid,Woman
face_age/006/7588.png,6,child,Woman
face_age/014/8322.png,14,teen,Woman
face_age/062/303.png,62,older,Woman
face_age/027/8331.png,27,youth,Woman
face_age/028/2492.png,28,youth,Woman
face_age/026/9367.png,26,youth,Woman
face_age/025/6140.png,25,youth,Woman
face_age/060/2478.png,60,mature,Woman
face_age/009/1664.png,9,child,Woman
face_age/060/2195.png,60,mature,Woman
face_age/053/5625.png,53,mature,Woman
face_age/073/6234.png,73,older,Woman
face_age/008/312.png,8,child,Woman
face_age/039/9020.png,39,mid,Woman
face_age/024/5355.png,24,youth,Woman
face_age/027/8199.png,27,youth,Woman
face_age/012/1368.png,12,child,Woman
face_age/008/994.png,8,child,Woman
face_age/027/3983.png,27,youth,Woman
face_age/025/1757.png,25,youth,Woman
face_age/064/2437.png,64,older,Woman
face_age/017/1961.png,17,teen,Woman
face_age/025/8831.png,25,youth,Woman
face_age/026/9392.png,26,youth,Woman
face_age/060/134.png,60,mature,Woman
face_age/004/2979.png,4,child,Woman
face_age/007/8735.png,7,child,Woman
face_age/027/5813.png,27,youth,Woman
face_age/067/9179.png,67,older,Woman
face_age/007/3370.png,7,child,Woman
face_age/022/89.png,22,youth,Woman
face_age/029/3094.png,29,youth,Woman
face_age/023/8021.png,23,youth,Woman
face_age/073/4536.png,73,older,Woman
face_age/007/6100.png,7,child,Woman
face_age/014/9436.png,14,teen,Woman
face_age/029/6596.png,29,youth,Woman
face_age/059/7984.png,59,mature,Woman
face_age/064/5576.png,64,older,Woman
face_age/008/4248.png,8,child,Woman
face_age/030/6298.png,30,youth,Woman
face_age/029/9773.png,29,youth,Woman
face_age/027/8960.png,27,youth,Woman
face_age/004/9683.png,4,child,Woman
face_age/004/137.png,4,child,Woman
face_age/020/8032.png,20,youth,Woman
face_age/055/3982.png,55,mature,Woman
face_age/048/3988.png,48,mature,Woman
face_age/050/3811.png,50,mature,Woman
face_age/009/757.png,9,child,Woman
face_age/022/1350.png,22,youth,Woman
face_age/015/3075.png,15,teen,Woman
face_age/024/9311.png,24,youth,Woman
face_age/014/5781.png,14,teen,Woman
face_age/016/1582.png,16,teen,Woman
face_age/034/2877.png,34,mid,Woman
face_age/056/7867.png,56,mature,Woman
face_age/035/9265.png,35,mid,Woman
face_age/080/7387.png,80,older,Woman
face_age/016/8223.png,16,teen,Woman
face_age/023/2041.png,23,youth,Woman
face_age/062/4107.png,62,older,Woman
face_age/012/3534.png,12,child,Woman
face_age/018/3698.png,18,teen,Woman
face_age/024/400.png,24,youth,Woman
face_age/039/4105.png,39,mid,Woman
face_age/014/100.png,14,teen,Woman
face_age/026/8173.png,26,youth,Woman
face_age/035/3415.png,35,mid,Woman
face_age/021/4487.png,21,youth,Woman
face_age/018/2561.png,18,teen,Woman
face_age/008/5640.png,8,child,Woman
face_age/043/6821.png,43,mid,Woman
face_age/010/9322.png,10,child,Woman
face_age/072/3562.png,72,older,Woman
face_age/018/1174.png,18,teen,Woman
face_age/035/8227.png,35,mid,Woman
face_age/022/3875.png,22,youth,Woman
face_age/026/4514.png,26,youth,Woman
face_age/026/3828.png,26,youth,Woman
face_age/004/1237.png,4,child,Woman
face_age/024/765.png,24,youth,Woman
face_age/019/81.png,19,teen,Woman
face_age/059/419.png,59,mature,Woman
face_age/007/705.png,7,child,Woman
face_age/052/4889.png,52,mature,Woman
face_age/069/97.png,69,older,Woman
face_age/029/7373.png,29,youth,Woman
face_age/034/8042.png,34,mid,Woman
face_age/025/686.png,25,youth,Woman
face_age/034/7747.png,34,mid,Woman
face_age/058/4474.png,58,mature,Woman
face_age/011/9162.png,11,child,Woman
face_age/018/4888.png,18,teen,Woman
face_age/060/5779.png,60,mature,Woman
face_age/066/1623.png,66,older,Woman
face_age/049/9026.png,49,mature,Woman
face_age/039/2384.png,39,mid,Woman
face_age/047/7401.png,47,mature,Woman
face_age/023/3134.png,23,youth,Woman
face_age/039/8314.png,39,mid,Woman
face_age/067/4235.png,67,older,Woman
face_age/060/6016.png,60,mature,Woman
face_age/018/2572.png,18,teen,Woman
face_age/028/598.png,28,youth,Woman
face_age/027/8666.png,27,youth,Woman
face_age/020/1395.png,20,youth,Woman
face_age/026/7118.png,26,youth,Woman
face_age/039/8944.png,39,mid,Woman
face_age/085/1397.png,85,older,Woman
face_age/033/988.png,33,mid,Woman
face_age/041/7815.png,41,mid,Woman
face_age/042/4249.png,42,mid,Woman
face_age/032/8681.png,32,mid,Woman
face_age/047/2887.png,47,mature,Woman
face_age/035/2385.png,35,mid,Woman
face_age/032/2121.png,32,mid,Woman
face_age/029/175.png,29,youth,Woman
face_age/022/2890.png,22,youth,Woman
face_age/029/474.png,29,youth,Woman
face_age/027/3429.png,27,youth,Woman
face_age/049/2977.png,49,mature,Woman
face_age/015/1940.png,15,teen,Woman
face_age/024/9384.png,24,youth,Woman
face_age/020/8157.png,20,youth,Woman
face_age/004/7122.png,4,child,Woman
